Time,Speed,Engine Speed,Gear
0.0,0.0,0.0,0
0.1,0.0,0.0,0
0.2,0.0,0.0,0
0.3,0.0,0.0,0
0.4,0.0,0.0,0
0.5,0.0,0.0,0
0.6,0.0,0.0,0
0.7,0.0,0.0,0
0.8,0.0,0.0,0
0.9,0.0,0.0,0
1.0,0.0,0.0,0
1.1,0.0,0.0,0
1.2,0.0,0.0,0
1.3,0.0,0.0,0
1.4,0.0,0.0,0
1.5,0.0,0.0,0
1.6,0.0,0.0,0
1.7,0.0,0.0,0
1.8,0.0,0.0,0
1.9,0.0,0.0,0
2.0,0.0,0.0,0
2.1,0.0,0.0,0
2.2,0.0,0.0,0
2.3,0.0,0.0,0
2.4,0.0,0.0,0
2.5,0.0,0.0,0
2.6,0.0,0.0,0
2.7,0.0,0.0,0
2.8,0.0,0.0,0
2.9,0.0,0.0,0
3.0,0.0,0.0,0
3.1,0.0,0.0,0
3.2,0.0,0.0,0
3.3,0.0,0.0,0
3.4,0.0,0.0,0
3.5,0.0,0.0,0
3.6,0.0,0.0,0
3.7,0.0,0.0,0
3.8,0.0,0.0,0
3.9,0.0,0.0,0
4.0,0.0,0.0,0
4.1,0.0,0.0,0
4.2,0.0,0.0,0
4.3,0.0,0.0,0
4.4,0.0,0.0,0
4.5,0.0,0.0,0
4.6,0.0,0.0,0
4.7,0.0,0.0,0
4.8,0.0,0.0,0
4.9,0.0,0.0,0
5.0,0.0,0.0,0
5.1,0.0,0.0,0
5.2,0.0,0.0,0
5.3,0.0,0.0,0
5.4,0.0,0.0,0
5.5,0.0,0.0,0
5.6,0.0,0.0,0
5.7,0.0,0.0,0
5.8,0.0,0.0,0
5.9,0.0,0.0,0
6.0,0.0,0.0,0
6.1,0.0,0.0,0
6.2,0.0,0.0,0
6.3,0.0,0.0,0
6.4,0.0,0.0,0
6.5,0.0,0.0,0
6.6,0.0,0.0,0
6.7,0.0,0.0,0
6.8,0.0,0.0,0
6.9,0.0,0.0,0
7.0,0.0,0.0,0
7.1,0.0,0.0,0
7.2,0.0,0.0,0
7.3,0.0,0.0,0
7.4,0.0,0.0,0
7.5,0.0,0.0,0
7.6,0.0,0.0,0
7.7,0.0,0.0,0
7.8,0.0,0.0,0
7.9,0.0,0.0,0
8.0,0.0,0.0,0
8.1,0.0,0.0,0
8.2,0.0,0.0,0
8.3,0.0,0.0,0
8.4,0.0,0.0,0
8.5,0.0,0.0,0
8.6,0.0,0.0,0
8.7,0.0,0.0,0
8.8,0.0,0.0,0
8.9,0.0,0.0,0
9.0,0.0,0.0,0
9.1,0.0,0.0,0
9.2,0.0,0.0,0
9.3,0.0,0.0,0
9.4,0.0,0.0,0
9.5,0.0,152.0,0
9.6,0.0,168.0,0
9.7,0.0,213.0,0
9.8,0.0,278.0,0
9.9,0.0,560.0,0
10.0,0.0,793.0,0
10.1,0.0,982.0,0
10.2,0.0,1055.0,0
10.3,0.0,1106.0,0
10.4,0.0,1115.0,0
10.5,0.0,1098.0,0
10.6,0.0,1064.0,0
10.7,0.0,1039.0,0
10.8,0.0,1015.0,0
10.9,0.0,990.0,0
11.0,0.0,987.0,0
11.1,0.0,958.0,0
11.2,0.0,946.0,0
11.3,0.0,929.0,0
11.4,0.0,924.0,0
11.5,0.0,925.0,0
11.6,0.0,917.0,0
11.7,0.0,909.0,0
11.8,0.0,899.0,0
11.9,0.0,903.0,0
12.0,0.0,895.0,0
12.1,0.0,891.0,0
12.2,0.0,889.0,0
12.3,0.0,875.0,0
12.4,0.0,860.0,0
12.5,0.0,846.0,0
12.6,0.0,852.0,0
12.7,0.0,828.0,0
12.8,0.0,797.0,0
12.9,0.0,782.0,0
13.0,0.0,774.0,0
13.1,0.0,758.0,0
13.2,0.0,746.0,0
13.3,0.0,747.0,0
13.4,0.0,746.0,0
13.5,0.0,751.0,0
13.6,0.0,752.0,0
13.7,0.0,779.0,0
13.8,0.0,802.0,0
13.9,0.0,806.0,0
14.0,0.0,799.0,0
14.1,0.0,798.0,0
14.2,0.0,795.0,0
14.3,0.0,787.0,0
14.4,0.0,783.0,0
14.5,0.0,798.0,0
14.6,0.0,806.0,0
14.7,0.0,817.0,0
14.8,0.0,826.0,0
14.9,0.0,835.0,0
15.0,0.0,843.0,0
15.1,0.0,847.0,0
15.2,0.0,845.0,0
15.3,0.0,845.0,0
15.4,0.0,847.0,0
15.5,0.0,847.0,0
15.6,0.0,845.0,0
15.7,0.0,848.0,0
15.8,0.0,852.0,0
15.9,0.0,850.0,0
16.0,0.0,851.0,0
16.1,0.0,852.0,0
16.2,0.0,853.0,0
16.3,0.0,851.0,0
16.4,0.0,852.0,0
16.5,0.0,850.0,0
16.6,0.0,851.0,0
16.7,0.0,849.0,0
16.8,0.0,849.0,0
16.9,0.0,851.0,0
17.0,0.0,848.0,0
17.1,0.0,846.0,0
17.2,0.0,845.0,0
17.3,0.0,847.0,0
17.4,0.0,848.0,0
17.5,0.0,847.0,0
17.6,0.0,847.0,0
17.7,0.0,849.0,0
17.8,0.0,847.0,0
17.9,0.0,846.0,0
18.0,0.0,847.0,0
18.1,0.0,847.0,0
18.2,0.0,848.0,0
18.3,0.0,846.0,0
18.4,0.0,848.0,0
18.5,0.0,847.0,0
18.6,0.0,846.0,0
18.7,0.0,844.0,0
18.8,0.0,843.0,0
18.9,0.0,846.0,0
19.0,0.0,845.0,0
19.1,0.0,848.0,0
19.2,0.0,850.0,0
19.3,0.0,851.0,0
19.4,0.0,851.0,0
19.5,0.0,849.0,0
19.6,0.0,848.0,0
19.7,0.0,847.0,0
19.8,0.0,850.0,0
19.9,0.0,850.0,0
20.0,0.0,849.0,0
20.1,0.0,849.0,0
20.2,0.0,846.0,0
20.3,0.0,848.0,0
20.4,0.0,848.0,0
20.5,0.0,850.0,0
20.6,0.0,850.0,0
20.7,0.0,849.0,0
20.8,0.0,849.0,0
20.9,0.0,849.0,0
21.0,0.0,851.0,0
21.1,0.0,853.0,0
21.2,0.0,851.0,0
21.3,0.0,848.0,0
21.4,0.0,849.0,0
21.5,0.0,855.0,0
21.6,0.0,853.0,0
21.7,0.0,853.0,0
21.8,0.0,849.0,0
21.9,0.0,849.0,0
22.0,0.0,851.0,0
22.1,0.0,848.0,0
22.2,0.0,849.0,0
22.3,0.0,848.0,0
22.4,0.0,849.0,0
22.5,0.0,850.0,0
22.6,0.0,850.0,0
22.7,0.0,849.0,0
22.8,0.0,847.0,0
22.9,0.0,849.0,0
23.0,0.0,851.0,0
23.1,0.0,849.0,0
23.2,0.0,852.0,0
23.3,0.0,852.0,0
23.4,0.0,853.0,0
23.5,0.0,851.0,0
23.6,0.0,848.0,0
23.7,0.0,849.0,0
23.8,0.0,852.0,0
23.9,0.0,853.0,0
24.0,0.0,853.0,0
24.1,0.0,857.0,0
24.2,0.0,859.0,0
24.3,0.0,856.0,0
24.4,0.0,857.0,0
24.5,0.0,856.0,0
24.6,0.0,857.0,0
24.7,0.0,853.0,0
24.8,0.0,854.0,0
24.9,0.0,853.0,0
25.0,0.0,853.0,0
25.1,0.0,853.0,0
25.2,0.0,851.0,0
25.3,0.0,853.0,0
25.4,0.0,852.0,0
25.5,0.0,851.0,0
25.6,0.0,852.0,0
25.7,0.0,851.0,0
25.8,0.0,849.0,0
25.9,0.0,850.0,0
26.0,0.0,851.0,0
26.1,0.0,853.0,0
26.2,0.0,853.0,0
26.3,0.0,855.0,0
26.4,0.0,854.0,0
26.5,0.0,853.0,0
26.6,0.0,850.0,0
26.7,0.0,850.0,0
26.8,0.0,853.0,0
26.9,0.0,851.0,0
27.0,0.0,853.0,0
27.1,0.0,855.0,0
27.2,0.0,857.0,0
27.3,0.0,853.0,0
27.4,0.0,853.0,0
27.5,0.0,856.0,0
27.6,0.0,850.0,0
27.7,0.0,851.0,0
27.8,0.0,854.0,0
27.9,0.0,852.0,0
28.0,0.0,852.0,0
28.1,0.0,852.0,0
28.2,0.0,852.0,0
28.3,0.0,850.0,0
28.4,0.0,853.0,0
28.5,0.0,850.0,0
28.6,0.0,851.0,0
28.7,0.0,851.0,0
28.8,0.0,849.0,0
28.9,0.0,853.0,0
29.0,0.0,850.0,0
29.1,0.0,851.0,0
29.2,0.0,851.0,0
29.3,0.0,850.0,0
29.4,0.0,849.0,0
29.5,0.0,851.0,0
29.6,0.0,852.0,0
29.7,0.0,851.0,0
29.8,0.0,852.0,0
29.9,0.0,850.0,0
30.0,0.0,850.0,0
30.1,0.0,854.0,0
30.2,0.0,853.0,0
30.3,0.0,854.0,0
30.4,0.0,851.0,0
30.5,0.0,851.0,0
30.6,0.0,849.0,0
30.7,0.0,850.0,0
30.8,0.0,850.0,0
30.9,0.0,850.0,0
31.0,0.0,853.0,0
31.1,0.0,851.0,0
31.2,0.0,849.0,0
31.3,0.0,851.0,0
31.4,0.0,847.0,0
31.5,0.0,848.0,0
31.6,0.0,847.0,0
31.7,0.0,847.0,0
31.8,0.0,847.0,0
31.9,0.0,848.0,0
32.0,0.0,847.0,0
32.1,0.0,848.0,0
32.2,0.0,849.0,0
32.3,0.0,849.0,0
32.4,0.0,847.0,0
32.5,0.0,849.0,0
32.6,0.0,847.0,0
32.7,0.0,850.0,0
32.8,0.0,849.0,0
32.9,0.0,848.0,0
33.0,0.0,848.0,0
33.1,0.0,846.0,0
33.2,0.0,849.0,0
33.3,0.0,841.0,0
33.4,0.0,834.0,0
33.5,0.0,828.0,0
33.6,0.0,823.0,0
33.7,0.0,797.0,0
33.8,0.0,750.0,0
33.9,0.0,746.0,0
34.0,0.0,797.0,0
34.1,0.0,811.0,0
34.2,0.0,803.0,0
34.3,0.0,805.0,0
34.4,0.0,810.0,0
34.5,0.0,821.0,0
34.6,0.0,828.0,0
34.7,0.0,833.0,0
34.8,0.0,833.0,0
34.9,0.0,837.0,0
35.0,0.0,835.0,0
35.1,0.0,838.0,0
35.2,0.0,841.0,0
35.3,0.0,845.0,0
35.4,0.0,853.0,0
35.5,0.0,857.0,0
35.6,0.0,857.0,0
35.7,0.0,853.0,0
35.8,0.0,853.0,0
35.9,0.0,851.0,0
36.0,0.0,849.0,0
36.1,0.0,850.0,0
36.2,0.0,849.0,0
36.3,0.0,849.0,0
36.4,0.0,850.0,0
36.5,0.0,848.0,0
36.6,0.0,850.0,0
36.7,0.0,850.0,0
36.8,0.0,853.0,0
36.9,0.0,852.0,0
37.0,0.0,852.0,1
37.1,0.0,850.0,1
37.2,0.0,845.0,1
37.3,0.0,845.0,1
37.4,0.0,847.0,1
37.5,0.0,848.0,1
37.6,0.0,852.0,1
37.7,0.0,906.0,1
37.8,0.0,1035.0,1
37.9,0.0,1094.0,1
38.0,0.0,1137.0,1
38.1,0.0,1162.0,1
38.2,0.0,1173.0,1
38.3,0.1736111111111111,1101.0,1
38.4,0.3645833333333333,982.0,1
38.5,0.5034722222222222,915.0,1
38.6,0.5902777777777778,919.0,1
38.7,0.6597222222222222,883.0,1
38.8,0.7291666666666666,868.0,1
38.9,0.7986111111111109,866.0,1
39.0,0.8680555555555556,871.0,1
39.1,0.9201388888888888,861.0,1
39.2,0.9722222222222222,864.0,1
39.3,1.0590277777777777,850.0,1
39.4,1.1284722222222219,861.0,1
39.5,1.1805555555555556,849.0,1
39.6,1.2673611111111112,854.0,1
39.7,1.3020833333333333,849.0,1
39.8,1.3541666666666667,852.0,1
39.9,1.3888888888888888,849.0,1
40.0,1.4583333333333333,850.0,1
40.1,1.5104166666666663,853.0,1
40.2,1.5798611111111112,851.0,1
40.3,1.6319444444444444,853.0,1
40.4,1.6840277777777777,851.0,1
40.5,1.71875,856.0,1
40.6,1.7708333333333333,855.0,1
40.7,1.8229166666666663,855.0,1
40.8,1.8402777777777777,859.0,1
40.9,1.8576388888888888,857.0,0
41.0,1.8923611111111112,855.0,0
41.1,1.8923611111111112,857.0,0
41.2,1.9270833333333333,855.0,0
41.3,1.9444444444444444,857.0,0
41.4,1.961805555555556,854.0,0
41.5,1.9791666666666663,855.0,0
41.6,1.9791666666666663,855.0,0
41.7,1.9270833333333333,855.0,0
41.8,1.8923611111111112,853.0,0
41.9,1.8402777777777777,846.0,0
42.0,1.7881944444444444,847.0,0
42.1,1.7361111111111112,839.0,0
42.2,1.6319444444444444,841.0,0
42.3,1.5104166666666663,835.0,0
42.4,1.3541666666666667,836.0,0
42.5,1.1979166666666667,833.0,0
42.6,1.0243055555555556,833.0,0
42.7,0.8333333333333333,842.0,0
42.8,0.6770833333333334,842.0,0
42.9,0.5208333333333334,847.0,0
43.0,0.3993055555555555,845.0,0
43.1,0.2777777777777778,853.0,0
43.2,0.15625,863.0,0
43.3,0.0,865.0,0
43.4,0.0,861.0,0
43.5,0.0,862.0,0
43.6,0.0,857.0,0
43.7,0.0,854.0,0
43.8,0.0,854.0,0
43.9,0.0,856.0,0
44.0,0.0,855.0,0
44.1,0.0,853.0,0
44.2,0.0,846.0,0
44.3,0.0,844.0,0
44.4,0.0,865.0,0
44.5,0.0,918.0,0
44.6,0.0,955.0,0
44.7,0.0,955.0,0
44.8,0.0,947.0,0
44.9,0.0,919.0,0
45.0,0.0,900.0,0
45.1,0.0,886.0,0
45.2,0.0,871.0,0
45.3,0.0,857.0,0
45.4,0.0,850.0,0
45.5,0.0,847.0,0
45.6,0.0,844.0,0
45.7,0.0,843.0,0
45.8,0.0,844.0,0
45.9,0.0,844.0,0
46.0,0.0,847.0,0
46.1,0.0,846.0,0
46.2,0.0,840.0,0
46.3,0.0,814.0,0
46.4,0.0,750.0,0
46.5,0.0,735.0,0
46.6,0.0,798.0,0
46.7,0.0,810.0,0
46.8,0.0,800.0,0
46.9,0.0,803.0,0
47.0,0.0,804.0,0
47.1,0.0,820.0,0
47.2,0.0,818.0,0
47.3,0.0,823.0,0
47.4,0.0,1009.0,0
47.5,0.0,1112.0,0
47.6,0.0,1101.0,0
47.7,0.0,1068.0,0
47.8,0.0,1055.0,0
47.9,0.0,1035.0,0
48.0,0.22569444444444445,1046.0,0
48.1,0.4513888888888889,1033.0,1
48.2,0.5729166666666666,893.0,1
48.3,0.625,811.0,1
48.4,0.6597222222222222,837.0,1
48.5,0.7291666666666666,803.0,1
48.6,0.7638888888888888,789.0,1
48.7,0.8159722222222222,791.0,1
48.8,0.8506944444444444,791.0,1
48.9,0.9027777777777778,798.0,1
49.0,0.8854166666666666,794.0,1
49.1,0.8680555555555556,803.0,1
49.2,0.8506944444444444,805.0,1
49.3,0.8159722222222222,816.0,1
49.4,0.7638888888888888,821.0,1
49.5,0.7118055555555556,828.0,1
49.6,0.6423611111111109,835.0,1
49.7,0.5902777777777778,842.0,1
49.8,0.5381944444444444,846.0,1
49.9,0.46875,875.0,1
50.0,0.3819444444444444,877.0,1
50.1,0.3298611111111111,871.0,1
50.2,0.24305555555555555,858.0,1
50.3,0.15625,850.0,1
50.4,0.12152777777777778,846.0,1
50.5,0.0,858.0,1
50.6,0.0,903.0,1
50.7,0.0,944.0,1
50.8,0.0,943.0,1
50.9,0.0,940.0,1
51.0,0.0,915.0,1
51.1,0.0,892.0,1
51.2,0.0,847.0,1
51.3,0.0,780.0,1
51.4,0.0,773.0,1
51.5,0.0,807.0,1
51.6,0.0,813.0,1
51.7,0.1388888888888889,811.0,1
51.8,0.1736111111111111,808.0,1
51.9,0.2083333333333333,813.0,1
52.0,0.2951388888888889,818.0,1
52.1,0.3645833333333333,828.0,1
52.2,0.4166666666666666,835.0,1
52.3,0.46875,838.0,1
52.4,0.5555555555555556,838.0,1
52.5,0.625,851.0,1
52.6,0.7118055555555556,898.0,1
52.7,0.7986111111111109,953.0,1
52.8,0.9027777777777778,966.0,1
52.9,1.0069444444444444,1006.0,1
53.0,1.1111111111111112,1026.0,1
53.1,1.2152777777777777,1046.0,1
53.2,1.3020833333333333,1074.0,1
53.3,1.4236111111111112,1086.0,1
53.4,1.5104166666666663,1105.0,1
53.5,1.6319444444444444,1129.0,1
53.6,1.71875,1146.0,1
53.7,1.8402777777777777,1157.0,1
53.8,1.961805555555556,1173.0,1
53.9,2.0486111111111107,1184.0,1
54.0,2.1354166666666665,1200.0,1
54.1,2.239583333333333,1202.0,1
54.2,2.3263888888888893,1223.0,1
54.3,2.430555555555556,1239.0,1
54.4,2.4652777777777777,1246.0,1
54.5,2.5694444444444438,1257.0,1
54.6,2.6736111111111107,1269.0,1
54.7,2.743055555555556,1277.0,1
54.8,2.795138888888889,1286.0,1
54.9,2.8819444444444438,1299.0,1
55.0,2.9340277777777777,1299.0,1
55.1,2.951388888888889,1301.0,1
55.2,3.055555555555556,1313.0,1
55.3,3.142361111111111,1317.0,1
55.4,3.142361111111111,1320.0,1
55.5,3.211805555555556,1326.0,1
55.6,3.2465277777777777,1311.0,1
55.7,3.28125,1320.0,1
55.8,3.3159722222222223,1328.0,1
55.9,3.3159722222222223,1336.0,1
56.0,3.3159722222222223,1338.0,1
56.1,3.368055555555556,1339.0,1
56.2,3.3854166666666665,1340.0,1
56.3,3.420138888888889,1347.0,1
56.4,3.4375,1353.0,1
56.5,3.4027777777777777,1351.0,1
56.6,3.420138888888889,1332.0,1
56.7,3.4375,1288.0,1
56.8,3.454861111111111,1220.0,1
56.9,3.454861111111111,1139.0,2
57.0,3.3854166666666665,1047.0,2
57.1,3.368055555555556,992.0,2
57.2,3.2465277777777777,950.0,2
57.3,3.2465277777777777,919.0,2
57.4,3.2465277777777777,878.0,2
57.5,3.2291666666666665,858.0,2
57.6,3.1597222222222223,830.0,2
57.7,3.0729166666666665,801.0,2
57.8,3.055555555555556,780.0,2
57.9,3.0381944444444438,819.0,2
58.0,2.986111111111111,888.0,2
58.1,3.0034722222222223,945.0,2
58.2,2.951388888888889,972.0,2
58.3,2.9340277777777777,999.0,2
58.4,2.8819444444444438,1040.0,2
58.5,2.8819444444444438,1067.0,2
58.6,2.864583333333333,1122.0,2
58.7,2.8125,1149.0,2
58.8,2.864583333333333,1197.0,2
58.9,2.8819444444444438,1190.0,2
59.0,2.899305555555556,1213.0,2
59.1,2.9166666666666665,1232.0,2
59.2,2.96875,1233.0,2
59.3,3.020833333333333,1245.0,2
59.4,3.055555555555556,1268.0,2
59.5,3.125,1270.0,2
59.6,3.142361111111111,1278.0,2
59.7,3.1597222222222223,1294.0,2
59.8,3.2291666666666665,1299.0,2
59.9,3.2465277777777777,1301.0,2
60.0,3.3506944444444438,1323.0,2
60.1,3.28125,1325.0,2
60.2,3.333333333333333,1329.0,2
60.3,3.368055555555556,1344.0,2
60.4,3.420138888888889,1338.0,2
60.5,3.4027777777777777,1333.0,2
60.6,3.420138888888889,1324.0,2
60.7,3.524305555555556,1298.0,2
60.8,3.368055555555556,1269.0,2
60.9,3.3159722222222223,1248.0,2
61.0,3.28125,1228.0,2
61.1,3.3159722222222223,1210.0,2
61.2,3.298611111111111,1204.0,2
61.3,3.2291666666666665,1182.0,2
61.4,3.2465277777777777,1151.0,2
61.5,3.1597222222222223,1182.0,2
61.6,3.107638888888889,1178.0,2
61.7,3.1597222222222223,1168.0,2
61.8,3.0729166666666665,1163.0,2
61.9,3.0902777777777777,1166.0,2
62.0,3.142361111111111,1200.0,2
62.1,3.055555555555556,1224.0,2
62.2,2.986111111111111,1229.0,2
62.3,3.107638888888889,1227.0,2
62.4,3.107638888888889,1237.0,2
62.5,3.0902777777777777,1241.0,2
62.6,3.1597222222222223,1245.0,2
62.7,3.125,1255.0,2
62.8,3.2465277777777777,1263.0,2
62.9,3.211805555555556,1267.0,2
63.0,3.3159722222222223,1273.0,2
63.1,3.333333333333333,1296.0,2
63.2,3.3506944444444438,1315.0,2
63.3,3.4027777777777777,1317.0,2
63.4,3.454861111111111,1357.0,2
63.5,3.5069444444444438,1371.0,2
63.6,3.5069444444444438,1385.0,2
63.7,3.5590277777777777,1394.0,2
63.8,3.59375,1414.0,2
63.9,3.6284722222222223,1426.0,2
64.0,3.6631944444444438,1436.0,2
64.1,3.7152777777777777,1449.0,2
64.2,3.7152777777777777,1461.0,2
64.3,3.767361111111111,1466.0,2
64.4,3.802083333333333,1483.0,2
64.5,3.8194444444444438,1499.0,2
64.6,3.8715277777777777,1518.0,2
64.7,3.888888888888889,1536.0,2
64.8,3.958333333333333,1550.0,2
64.9,3.958333333333333,1557.0,2
65.0,3.9756944444444438,1565.0,2
65.1,4.027777777777779,1573.0,2
65.2,4.045138888888888,1581.0,2
65.3,4.0625,1592.0,2
65.4,4.097222222222221,1596.0,2
65.5,4.079861111111111,1606.0,2
65.6,4.184027777777779,1619.0,2
65.7,4.184027777777779,1633.0,2
65.8,4.270833333333333,1635.0,2
65.9,4.305555555555555,1623.0,2
66.0,4.340277777777779,1609.0,2
66.1,4.427083333333333,1616.0,2
66.2,4.4444444444444455,1644.0,2
66.3,4.5138888888888875,1649.0,2
66.4,4.565972222222221,1665.0,2
66.5,4.6006944444444455,1685.0,2
66.6,4.6180555555555545,1698.0,2
66.7,4.6701388888888875,1708.0,2
66.8,4.704861111111111,1720.0,2
66.9,4.722222222222221,1741.0,2
67.0,4.722222222222221,1789.0,2
67.1,4.739583333333333,1830.0,2
67.2,4.7569444444444455,1830.0,2
67.3,4.791666666666667,1819.0,2
67.4,4.791666666666667,1798.0,2
67.5,4.809027777777779,1771.0,2
67.6,4.8263888888888875,1731.0,2
67.7,4.9305555555555545,1639.0,2
67.8,4.947916666666667,1490.0,3
67.9,5.0,1372.0,3
68.0,5.052083333333333,1368.0,3
68.1,5.0868055555555545,1384.0,3
68.2,5.121527777777779,1396.0,3
68.3,5.208333333333333,1409.0,3
68.4,5.2256944444444455,1423.0,3
68.5,5.260416666666667,1431.0,3
68.6,5.2430555555555545,1436.0,3
68.7,5.3125,1439.0,3
68.8,5.347222222222221,1447.0,3
68.9,5.3819444444444455,1450.0,3
69.0,5.3819444444444455,1456.0,3
69.1,5.434027777777778,1459.0,3
69.2,5.486111111111112,1466.0,3
69.3,5.46875,1458.0,3
69.4,5.520833333333332,1443.0,3
69.5,5.590277777777778,1420.0,3
69.6,5.659722222222222,1412.0,3
69.7,5.625,1400.0,3
69.8,5.659722222222222,1394.0,3
69.9,5.677083333333332,1387.0,3
70.0,5.659722222222222,1394.0,3
70.1,5.659722222222222,1373.0,3
70.2,5.625,1319.0,3
70.3,5.572916666666668,1295.0,3
70.4,5.4513888888888875,1320.0,3
70.5,5.3819444444444455,1337.0,3
70.6,5.2951388888888875,1300.0,3
70.7,5.190972222222221,1279.0,3
70.8,5.0868055555555545,1252.0,3
70.9,5.017361111111111,1229.0,3
71.0,4.947916666666667,1203.0,3
71.1,4.895833333333333,1202.0,3
71.2,4.8263888888888875,1198.0,3
71.3,4.809027777777779,1172.0,3
71.4,4.7569444444444455,1161.0,3
71.5,4.722222222222221,1156.0,3
71.6,4.704861111111111,1158.0,3
71.7,4.6875,1154.0,3
71.8,4.6701388888888875,1154.0,3
71.9,4.6701388888888875,1152.0,3
72.0,4.6701388888888875,1151.0,3
72.1,4.652777777777779,1152.0,3
72.2,4.6701388888888875,1148.0,3
72.3,4.6701388888888875,1143.0,3
72.4,4.652777777777779,1146.0,3
72.5,4.6701388888888875,1146.0,3
72.6,4.635416666666667,1144.0,3
72.7,4.635416666666667,1137.0,3
72.8,4.635416666666667,1092.0,3
72.9,4.6006944444444455,1025.0,3
73.0,4.6006944444444455,985.0,3
73.1,4.583333333333333,970.0,3
73.2,4.565972222222221,946.0,3
73.3,4.548611111111111,920.0,3
73.4,4.5138888888888875,894.0,3
73.5,4.496527777777779,889.0,0
73.6,4.496527777777779,876.0,0
73.7,4.479166666666667,864.0,0
73.8,4.4618055555555545,848.0,0
73.9,4.427083333333333,849.0,0
74.0,4.392361111111111,839.0,0
74.1,4.305555555555555,836.0,0
74.2,4.270833333333333,844.0,0
74.3,4.184027777777779,837.0,0
74.4,4.114583333333333,837.0,0
74.5,4.045138888888888,837.0,0
74.6,3.958333333333333,843.0,0
74.7,3.8368055555555554,843.0,0
74.8,3.7152777777777777,843.0,0
74.9,3.576388888888889,860.0,0
75.0,3.454861111111111,856.0,0
75.1,3.3159722222222223,850.0,0
75.2,3.1597222222222223,848.0,0
75.3,3.0034722222222223,839.0,0
75.4,2.8819444444444438,835.0,0
75.5,2.7256944444444438,835.0,0
75.6,2.586805555555556,848.0,0
75.7,2.4479166666666665,859.0,0
75.8,2.3090277777777777,866.0,0
75.9,2.1701388888888893,861.0,0
76.0,2.03125,851.0,0
76.1,1.8923611111111112,836.0,0
76.2,1.7881944444444444,814.0,0
76.3,1.6840277777777777,797.0,0
76.4,1.5625,793.0,0
76.5,1.4756944444444444,788.0,0
76.6,1.3715277777777777,782.0,0
76.7,1.2673611111111112,798.0,0
76.8,1.1979166666666667,799.0,0
76.9,1.1284722222222219,817.0,0
77.0,1.0416666666666667,829.0,0
77.1,0.9895833333333331,837.0,0
77.2,0.9201388888888888,847.0,0
77.3,0.8680555555555556,854.0,0
77.4,0.8159722222222222,862.0,0
77.5,0.7638888888888888,866.0,0
77.6,0.7118055555555556,871.0,1
77.7,0.6597222222222222,874.0,1
77.8,0.6076388888888888,873.0,1
77.9,0.5555555555555556,873.0,1
78.0,0.4861111111111111,867.0,1
78.1,0.4166666666666666,860.0,1
78.2,0.3819444444444444,857.0,1
78.3,0.3125,852.0,1
78.4,0.2951388888888889,851.0,1
78.5,0.2951388888888889,846.0,1
78.6,0.2951388888888889,846.0,1
78.7,0.3298611111111111,843.0,1
78.8,0.3819444444444444,843.0,1
78.9,0.4340277777777778,847.0,1
79.0,0.4861111111111111,851.0,1
79.1,0.5381944444444444,854.0,1
79.2,0.6076388888888888,854.0,1
79.3,0.6770833333333334,854.0,1
79.4,0.7465277777777778,851.0,1
79.5,0.8159722222222222,850.0,1
79.6,0.8854166666666666,849.0,1
79.7,0.9375,846.0,1
79.8,0.9895833333333331,847.0,1
79.9,1.0416666666666667,843.0,1
80.0,1.09375,846.0,1
80.1,1.1458333333333333,849.0,1
80.2,1.1979166666666667,847.0,1
80.3,1.25,850.0,1
80.4,1.2847222222222219,866.0,1
80.5,1.3541666666666667,992.0,1
80.6,1.4236111111111112,1017.0,1
80.7,1.4930555555555556,1055.0,1
80.8,1.5798611111111112,1110.0,1
80.9,1.6666666666666663,1138.0,1
81.0,1.7708333333333333,1178.0,1
81.1,1.8923611111111112,1232.0,1
81.2,1.9965277777777777,1268.0,1
81.3,2.118055555555556,1301.0,1
81.4,2.2048611111111107,1329.0,1
81.5,2.3090277777777777,1347.0,1
81.6,2.4131944444444438,1370.0,1
81.7,2.5347222222222223,1391.0,1
81.8,2.65625,1402.0,1
81.9,2.7604166666666665,1418.0,1
82.0,2.8472222222222223,1430.0,1
82.1,2.96875,1435.0,1
82.2,3.055555555555556,1451.0,1
82.3,3.1597222222222223,1456.0,1
82.4,3.2291666666666665,1457.0,1
82.5,3.3159722222222223,1468.0,1
82.6,3.4027777777777777,1485.0,1
82.7,3.4722222222222223,1494.0,1
82.8,3.524305555555556,1502.0,1
82.9,3.59375,1517.0,1
83.0,3.6805555555555554,1529.0,1
83.1,3.75,1538.0,1
83.2,3.8194444444444438,1552.0,1
83.3,3.923611111111111,1559.0,1
83.4,4.010416666666667,1567.0,1
83.5,4.114583333333333,1575.0,1
83.6,4.201388888888888,1585.0,1
83.7,4.322916666666667,1590.0,1
83.8,4.392361111111111,1602.0,1
83.9,4.479166666666667,1627.0,1
84.0,4.548611111111111,1664.0,1
84.1,4.6006944444444455,1674.0,1
84.2,4.6006944444444455,1662.0,1
84.3,4.6006944444444455,1659.0,1
84.4,4.6006944444444455,1661.0,3
84.5,4.6006944444444455,1656.0,3
84.6,4.548611111111111,1571.0,3
84.7,4.6701388888888875,1416.0,3
84.8,4.7569444444444455,1352.0,3
84.9,4.791666666666667,1332.0,3
85.0,4.8263888888888875,1336.0,3
85.1,4.809027777777779,1343.0,3
85.2,4.8263888888888875,1237.0,3
85.3,4.878472222222221,1284.0,3
85.4,4.861111111111111,1290.0,3
85.5,4.861111111111111,1281.0,3
85.6,4.895833333333333,1268.0,3
85.7,4.878472222222221,1275.0,3
85.8,4.878472222222221,1278.0,3
85.9,4.878472222222221,1268.0,3
86.0,4.9131944444444455,1272.0,3
86.1,4.9305555555555545,1270.0,3
86.2,4.895833333333333,1258.0,3
86.3,4.878472222222221,1257.0,3
86.4,4.878472222222221,1241.0,3
86.5,4.878472222222221,1172.0,3
86.6,4.861111111111111,1132.0,3
86.7,4.84375,1111.0,3
86.8,4.8263888888888875,1099.0,3
86.9,4.809027777777779,1070.0,3
87.0,4.7743055555555545,1060.0,3
87.1,4.7743055555555545,1049.0,3
87.2,4.739583333333333,1023.0,3
87.3,4.722222222222221,1009.0,3
87.4,4.6875,999.0,3
87.5,4.652777777777779,993.0,3
87.6,4.6180555555555545,979.0,3
87.7,4.6006944444444455,970.0,3
87.8,4.6006944444444455,961.0,3
87.9,4.5138888888888875,938.0,3
88.0,4.427083333333333,938.0,3
88.1,4.357638888888888,931.0,3
88.2,4.236111111111111,927.0,3
88.3,4.114583333333333,915.0,3
88.4,4.027777777777779,915.0,3
88.5,3.8715277777777777,912.0,0
88.6,3.767361111111111,900.0,0
88.7,3.611111111111111,892.0,0
88.8,3.454861111111111,888.0,0
88.9,3.333333333333333,886.0,0
89.0,3.1944444444444438,873.0,0
89.1,3.0381944444444438,864.0,0
89.2,2.8819444444444438,845.0,0
89.3,2.7256944444444438,858.0,0
89.4,2.5694444444444438,866.0,0
89.5,2.430555555555556,879.0,0
89.6,2.2916666666666665,876.0,0
89.7,2.1701388888888893,873.0,0
89.8,2.083333333333333,860.0,0
89.9,1.9965277777777777,848.0,0
90.0,1.9270833333333333,836.0,0
90.1,1.8402777777777777,816.0,0
90.2,1.7534722222222219,804.0,0
90.3,1.7013888888888888,800.0,0
90.4,1.6493055555555556,799.0,0
90.5,1.5798611111111112,804.0,0
90.6,1.5277777777777777,805.0,0
90.7,1.4583333333333333,814.0,0
90.8,1.40625,820.0,0
90.9,1.3368055555555556,826.0,0
91.0,1.25,834.0,0
91.1,1.1631944444444444,839.0,0
91.2,1.0590277777777777,845.0,0
91.3,0.9548611111111109,849.0,0
91.4,0.8159722222222222,858.0,0
91.5,0.6944444444444444,859.0,0
91.6,0.5555555555555556,866.0,0
91.7,0.4166666666666666,867.0,0
91.8,0.2951388888888889,874.0,0
91.9,0.1909722222222222,872.0,0
92.0,0.12152777777777778,871.0,0
92.1,0.0,861.0,0
92.2,0.0,856.0,0
92.3,0.0,847.0,0
92.4,0.0,845.0,0
92.5,0.0,847.0,0
92.6,0.0,846.0,0
92.7,0.0,851.0,0
92.8,0.0,854.0,0
92.9,0.0,851.0,0
93.0,0.0,854.0,0
93.1,0.0,848.0,0
93.2,0.0,849.0,0
93.3,0.0,848.0,0
93.4,0.0,849.0,0
93.5,0.0,851.0,0
93.6,0.0,854.0,0
93.7,0.0,855.0,0
93.8,0.0,852.0,0
93.9,0.0,851.0,0
94.0,0.0,848.0,0
94.1,0.0,783.0,0
94.2,0.0,571.0,0
94.3,0.0,395.0,0
94.4,0.0,287.0,0
94.5,0.0,196.0,0
94.6,0.0,196.0,0
94.7,0.0,196.0,0
94.8,0.0,0.0,0
94.9,0.0,0.0,0
95.0,0.0,0.0,0
95.1,0.0,0.0,0
95.2,0.0,0.0,0
95.3,0.0,0.0,0
95.4,0.0,0.0,0
95.5,0.0,0.0,0
95.6,0.0,0.0,0
95.7,0.0,0.0,0
95.8,0.0,0.0,0
95.9,0.0,0.0,0
96.0,0.0,0.0,0
96.1,0.0,0.0,0
96.2,0.0,0.0,0
96.3,0.0,0.0,0
96.4,0.0,0.0,0
96.5,0.0,0.0,0
96.6,0.0,0.0,0
96.7,0.0,0.0,0
96.8,0.0,0.0,0
96.9,0.0,0.0,0
97.0,0.0,0.0,0
97.1,0.0,0.0,0
97.2,0.0,0.0,0
97.3,0.0,0.0,0
97.4,0.0,0.0,0
97.5,0.0,0.0,0
97.6,0.0,0.0,0
97.7,0.0,0.0,1
97.8,0.0,0.0,1
97.9,0.0,0.0,1
98.0,0.0,0.0,1
98.1,0.0,0.0,1
98.2,0.0,0.0,1
98.3,0.0,0.0,1
98.4,0.0,146.0,1
98.5,0.0,185.0,1
98.6,0.0,197.0,1
98.7,0.0,255.0,1
98.8,0.0,645.0,1
98.9,0.0,974.0,1
99.0,0.0,1249.0,1
99.1,0.12152777777777778,1385.0,1
99.2,0.3472222222222222,1438.0,1
99.3,0.625,1468.0,1
99.4,0.8333333333333333,1485.0,1
99.5,1.0590277777777777,1495.0,1
99.6,1.25,1491.0,1
99.7,1.4583333333333333,1489.0,1
99.8,1.6666666666666663,1489.0,1
99.9,1.8576388888888888,1494.0,1
100.0,2.0486111111111107,1497.0,1
100.1,2.2222222222222223,1497.0,1
100.2,2.395833333333333,1495.0,1
100.3,2.552083333333333,1496.0,1
100.4,2.7256944444444438,1496.0,1
100.5,2.8472222222222223,1501.0,1
100.6,3.020833333333333,1499.0,1
100.7,3.1597222222222223,1507.0,1
100.8,3.28125,1515.0,1
100.9,3.4027777777777777,1520.0,1
101.0,3.5416666666666665,1534.0,1
101.1,3.6631944444444438,1550.0,1
101.2,3.767361111111111,1561.0,1
101.3,3.8715277777777777,1577.0,3
101.4,3.958333333333333,1595.0,3
101.5,4.0625,1607.0,3
101.6,4.184027777777779,1621.0,3
101.7,4.288194444444445,1629.0,3
101.8,4.375,1628.0,3
101.9,4.496527777777779,1639.0,3
102.0,4.583333333333333,1685.0,3
102.1,4.704861111111111,1727.0,3
102.2,4.791666666666667,1744.0,3
102.3,4.861111111111111,1767.0,3
102.4,4.9131944444444455,1790.0,3
102.5,4.9826388888888875,1796.0,3
102.6,5.052083333333333,1725.0,3
102.7,5.104166666666667,1639.0,3
102.8,5.173611111111111,1591.0,3
102.9,5.277777777777779,1517.0,3
103.0,5.3819444444444455,1402.0,3
103.1,5.3993055555555545,1334.0,3
103.2,5.46875,1318.0,3
103.3,5.416666666666668,1314.0,3
103.4,5.3993055555555545,1268.0,3
103.5,5.329861111111111,1294.0,3
103.6,5.347222222222221,1266.0,3
103.7,5.2951388888888875,1188.0,3
103.8,5.15625,1119.0,0
103.9,5.1388888888888875,1057.0,0
104.0,5.104166666666667,1028.0,0
104.1,5.0868055555555545,977.0,0
104.2,5.034722222222221,961.0,0
104.3,5.017361111111111,930.0,0
104.4,5.0,913.0,0
104.5,4.965277777777779,905.0,0
104.6,4.9826388888888875,885.0,0
104.7,4.9305555555555545,873.0,0
104.8,4.9131944444444455,859.0,0
104.9,4.878472222222221,863.0,0
105.0,4.84375,852.0,0
105.1,4.8263888888888875,851.0,0
105.2,4.8263888888888875,859.0,0
105.3,4.809027777777779,853.0,0
105.4,4.7743055555555545,856.0,0
105.5,4.7569444444444455,857.0,0
105.6,4.722222222222221,862.0,0
105.7,4.722222222222221,862.0,0
105.8,4.704861111111111,863.0,0
105.9,4.704861111111111,872.0,0
106.0,4.6701388888888875,870.0,0
106.1,4.6701388888888875,867.0,0
106.2,4.652777777777779,872.0,0
106.3,4.6006944444444455,879.0,0
106.4,4.6180555555555545,874.0,0
106.5,4.6180555555555545,875.0,0
106.6,4.583333333333333,883.0,0
106.7,4.565972222222221,877.0,0
106.8,4.548611111111111,875.0,0
106.9,4.548611111111111,879.0,0
107.0,4.479166666666667,876.0,0
107.1,4.479166666666667,872.0,0
107.2,4.409722222222221,867.0,0
107.3,4.392361111111111,867.0,0
107.4,4.340277777777779,873.0,0
107.5,4.322916666666667,864.0,0
107.6,4.288194444444445,941.0,0
107.7,4.253472222222221,966.0,0
107.8,4.201388888888888,1022.0,0
107.9,4.201388888888888,1039.0,2
108.0,4.184027777777779,1123.0,2
108.1,4.166666666666667,1172.0,2
108.2,4.236111111111111,1216.0,2
108.3,4.270833333333333,1218.0,2
108.4,4.288194444444445,1236.0,2
108.5,4.357638888888888,1264.0,2
108.6,4.427083333333333,1285.0,2
108.7,4.479166666666667,1301.0,2
108.8,4.5138888888888875,1244.0,2
108.9,4.53125,1137.0,3
109.0,4.565972222222221,1098.0,3
109.1,4.6006944444444455,1057.0,3
109.2,4.53125,1010.0,3
109.3,4.548611111111111,990.0,3
109.4,4.53125,967.0,3
109.5,4.565972222222221,941.0,3
109.6,4.548611111111111,935.0,3
109.7,4.548611111111111,914.0,3
109.8,4.53125,900.0,3
109.9,4.53125,886.0,3
110.0,4.548611111111111,884.0,3
110.1,4.548611111111111,958.0,3
110.2,4.5138888888888875,1067.0,3
110.3,4.479166666666667,1120.0,3
110.4,4.583333333333333,1200.0,3
110.5,4.583333333333333,1267.0,3
110.6,4.635416666666667,1318.0,3
110.7,4.6701388888888875,1326.0,3
110.8,4.7743055555555545,1361.0,3
110.9,4.861111111111111,1414.0,3
111.0,4.9131944444444455,1456.0,3
111.1,4.9826388888888875,1498.0,3
111.2,5.104166666666667,1533.0,3
111.3,5.260416666666667,1572.0,3
111.4,5.3125,1606.0,3
111.5,5.46875,1626.0,3
111.6,5.590277777777778,1630.0,3
111.7,5.729166666666668,1631.0,3
111.8,5.833333333333332,1623.0,3
111.9,5.989583333333332,1634.0,3
112.0,6.128472222222222,1645.0,3
112.1,6.284722222222222,1638.0,3
112.2,6.371527777777778,1641.0,3
112.3,6.5451388888888875,1640.0,3
112.4,6.6493055555555545,1645.0,3
112.5,6.770833333333332,1670.0,3
112.6,6.892361111111112,1694.0,3
112.7,6.996527777777778,1723.0,3
112.8,7.1006944444444455,1750.0,3
112.9,7.1875,1763.0,3
113.0,7.291666666666666,1796.0,3
113.1,7.378472222222222,1810.0,3
113.2,7.4305555555555545,1830.0,3
113.3,7.517361111111112,1836.0,3
113.4,7.604166666666666,1817.0,3
113.5,7.673611111111112,1710.0,3
113.6,7.760416666666666,1576.0,4
113.7,7.864583333333332,1465.0,4
113.8,7.8819444444444455,1411.0,4
113.9,8.020833333333334,1436.0,4
114.0,8.14236111111111,1450.0,4
114.1,8.194444444444445,1466.0,4
114.2,8.26388888888889,1477.0,4
114.3,8.333333333333334,1496.0,4
114.4,8.472222222222221,1510.0,4
114.5,8.524305555555555,1526.0,4
114.6,8.559027777777779,1534.0,4
114.7,8.680555555555555,1545.0,4
114.8,8.90625,1556.0,4
114.9,8.802083333333334,1573.0,4
115.0,8.888888888888891,1581.0,4
115.1,8.940972222222221,1590.0,4
115.2,8.958333333333334,1595.0,4
115.3,9.027777777777775,1604.0,4
115.4,9.045138888888891,1608.0,4
115.5,9.114583333333334,1623.0,4
115.6,9.010416666666666,1617.0,4
115.7,9.201388888888891,1636.0,4
115.8,9.184027777777775,1620.0,4
115.9,9.166666666666666,1625.0,4
116.0,9.114583333333334,1616.0,4
116.1,9.097222222222221,1612.0,4
116.2,9.114583333333334,1619.0,4
116.3,9.079861111111109,1618.0,4
116.4,9.097222222222221,1612.0,4
116.5,9.114583333333334,1612.0,4
116.6,9.079861111111109,1615.0,4
116.7,9.027777777777775,1604.0,4
116.8,8.993055555555555,1587.0,4
116.9,8.958333333333334,1545.0,4
117.0,8.90625,1505.0,4
117.1,8.888888888888891,1490.0,4
117.2,8.802083333333334,1483.0,4
117.3,8.76736111111111,1465.0,4
117.4,8.715277777777779,1456.0,4
117.5,8.663194444444445,1527.0,4
117.6,8.663194444444445,1543.0,4
117.7,8.57638888888889,1536.0,4
117.8,8.59375,1523.0,4
117.9,8.61111111111111,1542.0,4
118.0,8.61111111111111,1536.0,4
118.1,8.59375,1538.0,4
118.2,8.559027777777779,1533.0,4
118.3,8.680555555555555,1535.0,4
118.4,8.663194444444445,1547.0,4
118.5,8.73263888888889,1549.0,4
118.6,8.75,1554.0,4
118.7,8.75,1563.0,4
118.8,8.784722222222221,1567.0,4
118.9,8.802083333333334,1576.0,4
119.0,8.854166666666666,1574.0,4
119.1,8.854166666666666,1584.0,4
119.2,8.90625,1587.0,4
119.3,8.888888888888891,1586.0,4
119.4,8.975694444444445,1596.0,4
119.5,8.958333333333334,1600.0,4
119.6,9.027777777777775,1608.0,4
119.7,8.975694444444445,1622.0,4
119.8,9.097222222222221,1620.0,4
119.9,9.079861111111109,1633.0,4
120.0,9.21875,1636.0,4
120.1,9.21875,1640.0,4
120.2,9.288194444444443,1660.0,4
120.3,9.322916666666666,1664.0,4
120.4,9.375,1669.0,4
120.5,9.444444444444443,1688.0,4
120.6,9.513888888888891,1702.0,4
120.7,9.548611111111109,1713.0,4
120.8,9.618055555555557,1722.0,4
120.9,9.670138888888891,1728.0,4
121.0,9.670138888888891,1739.0,4
121.1,9.756944444444443,1752.0,4
121.2,9.809027777777775,1764.0,4
121.3,9.826388888888891,1770.0,4
121.4,9.947916666666666,1776.0,4
121.5,10.0,1777.0,4
121.6,10.034722222222221,1792.0,4
121.7,10.086805555555557,1796.0,4
121.8,10.190972222222221,1809.0,4
121.9,10.173611111111109,1816.0,4
122.0,10.208333333333334,1825.0,4
122.1,10.277777777777775,1830.0,4
122.2,10.347222222222221,1842.0,4
122.3,10.364583333333334,1853.0,4
122.4,10.503472222222221,1861.0,4
122.5,10.538194444444443,1874.0,4
122.6,10.572916666666666,1886.0,4
122.7,10.590277777777775,1894.0,4
122.8,10.642361111111109,1898.0,4
122.9,10.694444444444443,1904.0,4
123.0,10.746527777777775,1908.0,4
123.1,10.78125,1918.0,4
123.2,10.833333333333336,1925.0,4
123.3,10.885416666666664,1916.0,4
123.4,10.920138888888891,1886.0,4
123.5,10.972222222222221,1839.0,4
123.6,11.024305555555555,1771.0,4
123.7,11.059027777777775,1682.0,4
123.8,11.076388888888891,1564.0,4
123.9,11.145833333333336,1422.0,5
124.0,11.111111111111109,1354.0,5
124.1,11.076388888888891,1308.0,5
124.2,11.128472222222221,1310.0,5
124.3,11.076388888888891,1384.0,5
124.4,11.059027777777775,1423.0,5
124.5,11.006944444444445,1415.0,5
124.6,11.076388888888891,1410.0,5
124.7,11.076388888888891,1411.0,5
124.8,10.989583333333336,1411.0,5
124.9,10.989583333333336,1408.0,5
125.0,10.989583333333336,1402.0,5
125.1,10.972222222222221,1403.0,5
125.2,10.9375,1399.0,5
125.3,10.954861111111109,1396.0,5
125.4,10.9375,1392.0,5
125.5,10.920138888888891,1388.0,5
125.6,10.9375,1385.0,5
125.7,10.885416666666664,1385.0,5
125.8,10.885416666666664,1383.0,5
125.9,10.885416666666664,1381.0,5
126.0,10.868055555555555,1378.0,5
126.1,10.902777777777775,1374.0,5
126.2,10.833333333333336,1367.0,5
126.3,10.9375,1384.0,5
126.4,10.954861111111109,1411.0,5
126.5,10.989583333333336,1417.0,5
126.6,11.041666666666664,1421.0,5
126.7,11.145833333333336,1424.0,5
126.8,11.041666666666664,1421.0,5
126.9,11.128472222222221,1428.0,5
127.0,11.111111111111109,1427.0,5
127.1,11.163194444444445,1433.0,5
127.2,11.059027777777775,1429.0,5
127.3,11.25,1400.0,5
127.4,11.284722222222221,1449.0,5
127.5,11.284722222222221,1449.0,5
127.6,11.302083333333336,1452.0,5
127.7,11.302083333333336,1457.0,5
127.8,11.302083333333336,1454.0,5
127.9,11.354166666666664,1453.0,5
128.0,11.284722222222221,1439.0,5
128.1,11.232638888888891,1414.0,5
128.2,11.232638888888891,1392.0,5
128.3,11.336805555555555,1377.0,5
128.4,11.302083333333336,1375.0,5
128.5,11.302083333333336,1386.0,5
128.6,11.267361111111109,1401.0,5
128.7,11.232638888888891,1407.0,5
128.8,11.267361111111109,1408.0,5
128.9,11.25,1402.0,5
129.0,11.267361111111109,1394.0,5
129.1,11.232638888888891,1390.0,5
129.2,11.180555555555555,1388.0,5
129.3,11.215277777777775,1386.0,5
129.4,11.215277777777775,1384.0,5
129.5,11.180555555555555,1383.0,5
129.6,11.145833333333336,1379.0,5
129.7,11.163194444444445,1377.0,5
129.8,11.076388888888891,1375.0,5
129.9,11.059027777777775,1370.0,5
130.0,11.006944444444445,1368.0,5
130.1,10.989583333333336,1370.0,5
130.2,10.9375,1370.0,5
130.3,10.902777777777775,1351.0,5
130.4,10.815972222222221,1341.0,5
130.5,10.729166666666666,1331.0,5
130.6,10.642361111111109,1320.0,5
130.7,10.555555555555557,1306.0,5
130.8,10.451388888888891,1290.0,5
130.9,10.329861111111109,1274.0,5
131.0,10.208333333333334,1259.0,5
131.1,10.104166666666666,1247.0,5
131.2,9.947916666666666,1233.0,5
131.3,9.878472222222221,1214.0,5
131.4,9.756944444444443,1191.0,5
131.5,9.618055555555557,1169.0,5
131.6,9.479166666666666,1139.0,5
131.7,9.409722222222221,1111.0,5
131.8,9.340277777777775,1086.0,5
131.9,9.270833333333334,1058.0,5
132.0,9.305555555555557,999.0,5
132.1,9.166666666666666,997.0,5
132.2,9.184027777777775,999.0,5
132.3,9.079861111111109,976.0,5
132.4,9.114583333333334,970.0,5
132.5,9.0625,962.0,5
132.6,9.010416666666666,956.0,5
132.7,8.923611111111109,960.0,5
132.8,8.90625,1116.0,5
132.9,8.784722222222221,1110.0,4
133.0,8.76736111111111,1138.0,4
133.1,8.697916666666666,1211.0,4
133.2,8.715277777777779,1261.0,4
133.3,8.73263888888889,1285.0,4
133.4,8.61111111111111,1322.0,4
133.5,8.73263888888889,1339.0,4
133.6,8.715277777777779,1386.0,4
133.7,8.680555555555555,1448.0,4
133.8,8.680555555555555,1476.0,4
133.9,8.715277777777779,1511.0,4
134.0,8.76736111111111,1560.0,4
134.1,8.802083333333334,1585.0,4
134.2,8.802083333333334,1620.0,4
134.3,8.802083333333334,1656.0,4
134.4,8.888888888888891,1677.0,4
134.5,8.975694444444445,1704.0,4
134.6,8.993055555555555,1735.0,4
134.7,9.079861111111109,1761.0,4
134.8,9.079861111111109,1781.0,4
134.9,9.131944444444443,1799.0,4
135.0,9.236111111111109,1792.0,4
135.1,9.322916666666666,1787.0,4
135.2,9.461805555555557,1787.0,4
135.3,9.548611111111109,1774.0,4
135.4,9.583333333333334,1763.0,4
135.5,9.670138888888891,1748.0,4
135.6,9.756944444444443,1737.0,4
135.7,9.826388888888891,1724.0,4
135.8,9.913194444444443,1702.0,4
135.9,10.0,1686.0,4
136.0,10.069444444444443,1670.0,4
136.1,10.173611111111109,1658.0,4
136.2,10.243055555555557,1652.0,4
136.3,10.347222222222221,1653.0,4
136.4,10.434027777777775,1651.0,4
136.5,10.486111111111109,1645.0,4
136.6,10.625,1639.0,4
136.7,10.746527777777775,1633.0,4
136.8,10.798611111111109,1608.0,4
136.9,10.868055555555555,1567.0,4
137.0,10.972222222222221,1533.0,5
137.1,11.059027777777775,1500.0,5
137.2,11.145833333333336,1469.0,5
137.3,11.215277777777775,1455.0,5
137.4,11.25,1460.0,5
137.5,11.354166666666664,1467.0,5
137.6,11.458333333333336,1476.0,5
137.7,11.5625,1486.0,5
137.8,11.5625,1494.0,5
137.9,11.666666666666664,1504.0,5
138.0,11.736111111111109,1514.0,5
138.1,11.822916666666664,1516.0,5
138.2,11.857638888888891,1532.0,5
138.3,11.927083333333336,1537.0,5
138.4,11.944444444444445,1544.0,5
138.5,11.961805555555555,1541.0,5
138.6,12.083333333333332,1552.0,5
138.7,12.100694444444445,1558.0,5
138.8,12.100694444444445,1560.0,5
138.9,12.065972222222221,1565.0,5
139.0,12.170138888888891,1567.0,5
139.1,12.1875,1568.0,5
139.2,12.256944444444445,1573.0,5
139.3,12.118055555555555,1573.0,5
139.4,12.222222222222221,1573.0,5
139.5,12.222222222222221,1577.0,5
139.6,12.256944444444445,1576.0,5
139.7,12.256944444444445,1585.0,5
139.8,12.309027777777775,1586.0,5
139.9,12.361111111111109,1589.0,5
140.0,12.378472222222221,1600.0,5
140.1,12.413194444444445,1604.0,5
140.2,12.482638888888891,1608.0,5
140.3,12.534722222222221,1616.0,5
140.4,12.569444444444445,1619.0,5
140.5,12.586805555555555,1623.0,5
140.6,12.621527777777775,1626.0,5
140.7,12.65625,1633.0,5
140.8,12.65625,1636.0,5
140.9,12.725694444444445,1638.0,5
141.0,12.725694444444445,1645.0,5
141.1,12.777777777777775,1645.0,5
141.2,12.899305555555555,1653.0,5
141.3,12.864583333333332,1663.0,5
141.4,12.916666666666664,1662.0,5
141.5,12.899305555555555,1666.0,5
141.6,12.864583333333332,1671.0,5
141.7,12.934027777777775,1665.0,5
141.8,12.96875,1670.0,5
141.9,12.986111111111109,1677.0,5
142.0,13.003472222222221,1677.0,5
142.1,12.96875,1675.0,5
142.2,13.020833333333332,1677.0,5
142.3,13.003472222222221,1677.0,5
142.4,13.055555555555555,1682.0,5
142.5,13.072916666666664,1686.0,5
142.6,13.107638888888891,1687.0,5
142.7,13.090277777777775,1689.0,5
142.8,13.125,1688.0,5
142.9,13.125,1691.0,5
143.0,13.125,1695.0,5
143.1,13.125,1689.0,5
143.2,13.159722222222221,1694.0,5
143.3,13.211805555555555,1706.0,5
143.4,13.229166666666664,1700.0,5
143.5,13.246527777777775,1710.0,5
143.6,13.28125,1713.0,5
143.7,13.298611111111109,1710.0,5
143.8,13.298611111111109,1717.0,5
143.9,13.385416666666664,1724.0,5
144.0,13.420138888888891,1728.0,5
144.1,13.385416666666664,1731.0,5
144.2,13.4375,1733.0,5
144.3,13.506944444444445,1739.0,5
144.4,13.524305555555555,1744.0,5
144.5,13.576388888888891,1747.0,5
144.6,13.576388888888891,1748.0,5
144.7,13.611111111111109,1754.0,5
144.8,13.611111111111109,1760.0,5
144.9,13.680555555555555,1760.0,5
145.0,13.715277777777775,1765.0,5
145.1,13.767361111111109,1772.0,5
145.2,13.767361111111109,1775.0,5
145.3,13.784722222222221,1779.0,5
145.4,13.819444444444445,1785.0,5
145.5,13.836805555555555,1782.0,5
145.6,13.836805555555555,1787.0,5
145.7,13.871527777777775,1795.0,5
145.8,13.888888888888891,1795.0,5
145.9,13.90625,1800.0,5
146.0,13.993055555555555,1805.0,5
146.1,13.993055555555555,1805.0,5
146.2,13.993055555555555,1805.0,5
146.3,14.010416666666664,1809.0,5
146.4,14.027777777777775,1812.0,5
146.5,14.045138888888891,1812.0,5
146.6,14.045138888888891,1814.0,5
146.7,14.079861111111109,1818.0,5
146.8,14.097222222222221,1817.0,5
146.9,14.114583333333332,1821.0,5
147.0,14.149305555555555,1824.0,5
147.1,14.097222222222221,1826.0,5
147.2,14.114583333333332,1826.0,5
147.3,14.201388888888891,1833.0,5
147.4,14.166666666666664,1832.0,5
147.5,14.236111111111109,1835.0,5
147.6,14.201388888888891,1837.0,5
147.7,14.236111111111109,1838.0,5
147.8,14.21875,1834.0,5
147.9,14.236111111111109,1840.0,5
148.0,14.236111111111109,1841.0,5
148.1,14.236111111111109,1842.0,5
148.2,14.288194444444445,1845.0,5
148.3,14.236111111111109,1842.0,5
148.4,14.270833333333332,1841.0,5
148.5,14.288194444444445,1843.0,5
148.6,14.253472222222221,1842.0,5
148.7,14.288194444444445,1845.0,5
148.8,14.253472222222221,1848.0,5
148.9,14.322916666666664,1850.0,5
149.0,14.322916666666664,1851.0,5
149.1,14.322916666666664,1849.0,5
149.2,14.392361111111109,1854.0,5
149.3,14.409722222222221,1862.0,5
149.4,14.427083333333332,1864.0,5
149.5,14.340277777777775,1858.0,5
149.6,14.340277777777775,1853.0,5
149.7,14.340277777777775,1855.0,5
149.8,14.427083333333332,1856.0,5
149.9,14.392361111111109,1866.0,5
150.0,14.392361111111109,1864.0,5
150.1,14.496527777777775,1863.0,5
150.2,14.409722222222221,1859.0,5
150.3,14.427083333333332,1868.0,5
150.4,14.496527777777775,1873.0,5
150.5,14.513888888888891,1875.0,5
150.6,14.53125,1879.0,5
150.7,14.479166666666664,1874.0,5
150.8,14.513888888888891,1874.0,5
150.9,14.548611111111109,1873.0,5
151.0,14.548611111111109,1871.0,5
151.1,14.739583333333332,1884.0,5
151.2,14.635416666666664,1885.0,5
151.3,14.461805555555555,1872.0,5
151.4,14.392361111111109,1865.0,5
151.5,14.496527777777775,1869.0,5
151.6,14.53125,1873.0,5
151.7,14.53125,1877.0,5
151.8,14.496527777777775,1876.0,5
151.9,14.53125,1877.0,5
152.0,14.548611111111109,1875.0,5
152.1,14.513888888888891,1881.0,5
152.2,14.565972222222221,1879.0,5
152.3,14.600694444444445,1884.0,5
152.4,14.600694444444445,1884.0,5
152.5,14.600694444444445,1886.0,5
152.6,14.618055555555555,1893.0,5
152.7,14.635416666666664,1888.0,5
152.8,14.670138888888891,1892.0,5
152.9,14.861111111111109,1895.0,5
153.0,14.670138888888891,1892.0,5
153.1,14.618055555555555,1896.0,5
153.2,14.670138888888891,1901.0,5
153.3,14.704861111111109,1897.0,5
153.4,14.704861111111109,1902.0,5
153.5,14.756944444444445,1907.0,5
153.6,14.756944444444445,1907.0,5
153.7,14.6875,1901.0,5
153.8,14.704861111111109,1899.0,5
153.9,14.756944444444445,1911.0,5
154.0,14.791666666666664,1914.0,5
154.1,14.84375,1907.0,5
154.2,14.774305555555555,1912.0,5
154.3,14.791666666666664,1914.0,5
154.4,14.84375,1916.0,5
154.5,14.878472222222221,1919.0,5
154.6,14.895833333333332,1919.0,5
154.7,14.878472222222221,1923.0,5
154.8,14.878472222222221,1924.0,5
154.9,14.878472222222221,1922.0,5
155.0,15.0,1926.0,5
155.1,14.895833333333332,1933.0,5
155.2,14.913194444444445,1932.0,5
155.3,14.930555555555555,1932.0,5
155.4,15.0,1938.0,5
155.5,15.017361111111109,1942.0,5
155.6,15.034722222222221,1942.0,5
155.7,15.086805555555555,1944.0,5
155.8,15.069444444444445,1954.0,5
155.9,15.104166666666664,1954.0,5
156.0,15.104166666666664,1954.0,5
156.1,15.121527777777775,1957.0,5
156.2,15.104166666666664,1958.0,5
156.3,15.15625,1964.0,5
156.4,15.15625,1961.0,5
156.5,15.190972222222221,1959.0,5
156.6,15.208333333333332,1969.0,5
156.7,15.260416666666664,1975.0,5
156.8,15.277777777777775,1974.0,5
156.9,15.329861111111109,1981.0,5
157.0,15.329861111111109,1984.0,5
157.1,15.3125,1979.0,5
157.2,15.399305555555555,1989.0,5
157.3,15.399305555555555,1992.0,5
157.4,15.381944444444445,1990.0,5
157.5,15.434027777777775,1996.0,5
157.6,15.451388888888891,1998.0,5
157.7,15.46875,2001.0,5
157.8,15.486111111111109,2002.0,5
157.9,15.503472222222221,2005.0,5
158.0,15.503472222222221,2007.0,5
158.1,15.538194444444445,2001.0,5
158.2,15.538194444444445,2002.0,5
158.3,15.538194444444445,1999.0,5
158.4,15.503472222222221,1995.0,5
158.5,15.46875,1992.0,5
158.6,15.399305555555555,1991.0,5
158.7,15.486111111111109,1991.0,5
158.8,15.416666666666664,1988.0,5
158.9,15.381944444444445,1981.0,5
159.0,15.329861111111109,1979.0,5
159.1,15.329861111111109,1981.0,5
159.2,15.347222222222221,1964.0,5
159.3,15.243055555555555,1957.0,5
159.4,15.225694444444445,1963.0,5
159.5,15.121527777777775,1954.0,5
159.6,15.017361111111109,1936.0,5
159.7,14.982638888888891,1928.0,5
159.8,14.930555555555555,1924.0,5
159.9,14.878472222222221,1913.0,5
160.0,14.756944444444445,1905.0,5
160.1,14.6875,1894.0,5
160.2,14.600694444444445,1884.0,5
160.3,14.565972222222221,1880.0,5
160.4,14.479166666666664,1871.0,5
160.5,14.461805555555555,1874.0,5
160.6,14.409722222222221,1861.0,5
160.7,14.375,1854.0,5
160.8,14.340277777777775,1856.0,5
160.9,14.288194444444445,1848.0,5
161.0,14.270833333333332,1848.0,5
161.1,14.184027777777775,1839.0,5
161.2,14.184027777777775,1839.0,5
161.3,14.131944444444445,1830.0,5
161.4,14.079861111111109,1818.0,5
161.5,14.045138888888891,1816.0,5
161.6,14.027777777777775,1811.0,5
161.7,13.958333333333332,1805.0,5
161.8,13.940972222222221,1801.0,5
161.9,13.871527777777775,1794.0,5
162.0,13.854166666666664,1789.0,5
162.1,13.819444444444445,1786.0,5
162.2,13.767361111111109,1778.0,5
162.3,13.715277777777775,1774.0,5
162.4,13.715277777777775,1773.0,5
162.5,13.680555555555555,1765.0,5
162.6,13.645833333333332,1763.0,5
162.7,13.628472222222221,1757.0,5
162.8,13.611111111111109,1750.0,5
162.9,13.541666666666664,1748.0,5
163.0,13.489583333333332,1746.0,5
163.1,13.489583333333332,1738.0,5
163.2,13.4375,1732.0,5
163.3,13.402777777777775,1732.0,5
163.4,13.333333333333332,1721.0,5
163.5,13.298611111111109,1715.0,5
163.6,13.28125,1713.0,5
163.7,13.246527777777775,1708.0,5
163.8,13.211805555555555,1707.0,5
163.9,13.194444444444445,1705.0,5
164.0,13.177083333333332,1699.0,5
164.1,13.125,1693.0,5
164.2,13.107638888888891,1693.0,5
164.3,13.107638888888891,1687.0,5
164.4,13.055555555555555,1690.0,5
164.5,13.055555555555555,1684.0,5
164.6,13.003472222222221,1678.0,5
164.7,13.020833333333332,1677.0,5
164.8,12.934027777777775,1675.0,5
164.9,12.951388888888891,1673.0,5
165.0,12.951388888888891,1673.0,5
165.1,12.934027777777775,1668.0,5
165.2,12.916666666666664,1665.0,5
165.3,12.864583333333332,1663.0,5
165.4,12.881944444444445,1662.0,5
165.5,12.864583333333332,1659.0,5
165.6,12.829861111111109,1659.0,5
165.7,12.864583333333332,1658.0,5
165.8,12.847222222222221,1657.0,5
165.9,12.777777777777775,1653.0,5
166.0,12.760416666666664,1648.0,5
166.1,12.760416666666664,1651.0,5
166.2,12.760416666666664,1651.0,5
166.3,12.673611111111109,1640.0,5
166.4,12.690972222222221,1638.0,5
166.5,12.690972222222221,1640.0,5
166.6,12.690972222222221,1639.0,5
166.7,12.621527777777775,1634.0,5
166.8,12.638888888888891,1627.0,5
166.9,12.569444444444445,1630.0,5
167.0,12.604166666666664,1629.0,5
167.1,12.586805555555555,1620.0,5
167.2,12.552083333333332,1623.0,5
167.3,12.552083333333332,1624.0,5
167.4,12.465277777777775,1612.0,5
167.5,12.5,1615.0,5
167.6,12.5,1614.0,5
167.7,12.447916666666664,1608.0,5
167.8,12.465277777777775,1610.0,5
167.9,12.430555555555555,1606.0,5
168.0,12.378472222222221,1604.0,5
168.1,12.430555555555555,1601.0,5
168.2,12.413194444444445,1601.0,5
168.3,12.378472222222221,1602.0,5
168.4,12.413194444444445,1598.0,5
168.5,12.361111111111109,1598.0,5
168.6,12.309027777777775,1596.0,5
168.7,12.378472222222221,1593.0,5
168.8,12.34375,1597.0,5
168.9,12.395833333333332,1598.0,5
169.0,12.34375,1598.0,5
169.1,12.34375,1594.0,5
169.2,12.326388888888891,1592.0,5
169.3,12.361111111111109,1596.0,5
169.4,12.361111111111109,1597.0,5
169.5,12.326388888888891,1594.0,5
169.6,12.361111111111109,1595.0,5
169.7,12.326388888888891,1592.0,5
169.8,12.326388888888891,1594.0,5
169.9,12.361111111111109,1596.0,5
170.0,12.34375,1594.0,5
170.1,12.326388888888891,1588.0,5
170.2,12.309027777777775,1586.0,5
170.3,12.309027777777775,1584.0,5
170.4,12.256944444444445,1583.0,5
170.5,12.256944444444445,1577.0,5
170.6,12.204861111111109,1576.0,5
170.7,12.1875,1562.0,5
170.8,12.100694444444445,1558.0,5
170.9,12.083333333333332,1558.0,5
171.0,12.048611111111109,1558.0,5
171.1,11.927083333333336,1534.0,5
171.2,11.857638888888891,1515.0,5
171.3,11.788194444444445,1481.0,5
171.4,11.753472222222221,1498.0,5
171.5,11.545138888888891,1459.0,5
171.6,11.493055555555555,1431.0,5
171.7,11.40625,1405.0,5
171.8,11.319444444444445,1376.0,5
171.9,11.180555555555555,1339.0,5
172.0,11.059027777777775,1289.0,5
172.1,11.024305555555555,1233.0,5
172.2,10.885416666666664,1162.0,5
172.3,10.763888888888891,1165.0,5
172.4,10.711805555555557,1186.0,5
172.5,10.625,1178.0,5
172.6,10.555555555555557,1206.0,5
172.7,10.451388888888891,1310.0,5
172.8,10.381944444444443,1505.0,4
172.9,10.364583333333334,1563.0,4
173.0,10.277777777777775,1545.0,4
173.1,10.225694444444443,1587.0,4
173.2,10.15625,1653.0,4
173.3,10.104166666666666,1706.0,4
173.4,10.034722222222221,1753.0,4
173.5,9.982638888888891,1813.0,4
173.6,9.930555555555557,1844.0,4
173.7,9.913194444444443,1815.0,4
173.8,9.861111111111109,1749.0,4
173.9,9.722222222222221,1696.0,4
174.0,9.618055555555557,1622.0,4
174.1,9.548611111111109,1537.0,4
174.2,9.427083333333334,1429.0,4
174.3,9.305555555555557,1306.0,4
174.4,9.149305555555557,1200.0,4
174.5,9.045138888888891,1108.0,4
174.6,8.923611111111109,1072.0,4
174.7,8.784722222222221,1032.0,4
174.8,8.680555555555555,1010.0,4
174.9,8.59375,984.0,4
175.0,8.45486111111111,959.0,4
175.1,8.402777777777779,945.0,4
175.2,8.26388888888889,938.0,4
175.3,8.125,937.0,4
175.4,8.090277777777779,928.0,4
175.5,7.9513888888888875,923.0,4
175.6,7.9513888888888875,944.0,4
175.7,7.7430555555555545,998.0,4
175.8,7.673611111111112,984.0,4
175.9,7.5694444444444455,981.0,4
176.0,7.4826388888888875,979.0,4
176.1,7.3263888888888875,1032.0,4
176.2,7.2569444444444455,1115.0,4
176.3,7.1701388888888875,1224.0,4
176.4,7.048611111111112,1428.0,4
176.5,6.9618055555555545,1613.0,3
176.6,6.8576388888888875,1738.0,3
176.7,6.892361111111112,1842.0,3
176.8,6.753472222222222,1817.0,3
176.9,6.753472222222222,1773.0,3
177.0,6.684027777777778,1752.0,3
177.1,6.614583333333332,1752.0,3
177.2,6.6319444444444455,1733.0,3
177.3,6.597222222222222,1725.0,3
177.4,6.4930555555555545,1710.0,3
177.5,6.458333333333332,1694.0,3
177.6,6.440972222222222,1705.0,3
177.7,6.423611111111112,1708.0,3
177.8,6.40625,1718.0,3
177.9,6.3888888888888875,1716.0,3
178.0,6.3888888888888875,1721.0,3
178.1,6.3888888888888875,1723.0,3
178.2,6.354166666666666,1726.0,3
178.3,6.3888888888888875,1727.0,3
178.4,6.3368055555555545,1727.0,3
178.5,6.354166666666666,1734.0,3
178.6,6.423611111111112,1735.0,3
178.7,6.423611111111112,1735.0,3
178.8,6.4756944444444455,1725.0,3
178.9,6.458333333333332,1715.0,3
179.0,6.4930555555555545,1700.0,3
179.1,6.5625,1682.0,3
179.2,6.5625,1663.0,3
179.3,6.614583333333332,1646.0,3
179.4,6.597222222222222,1652.0,3
179.5,6.597222222222222,1623.0,3
179.6,6.6319444444444455,1642.0,3
179.7,6.614583333333332,1636.0,3
179.8,6.753472222222222,1641.0,3
179.9,6.7013888888888875,1667.0,3
180.0,6.7013888888888875,1650.0,3
180.1,6.753472222222222,1658.0,3
180.2,6.753472222222222,1655.0,3
180.3,6.736111111111112,1657.0,3
180.4,6.71875,1654.0,3
180.5,6.7013888888888875,1649.0,3
180.6,6.666666666666666,1639.0,3
180.7,6.6319444444444455,1635.0,3
180.8,6.614583333333332,1626.0,3
180.9,6.597222222222222,1619.0,3
181.0,6.527777777777778,1605.0,3
181.1,6.4930555555555545,1587.0,3
181.2,6.4930555555555545,1572.0,3
181.3,6.3888888888888875,1552.0,3
181.4,6.371527777777778,1563.0,3
181.5,6.3368055555555545,1554.0,3
181.6,6.25,1533.0,3
181.7,6.197916666666666,1532.0,3
181.8,6.1805555555555545,1519.0,3
181.9,6.128472222222222,1503.0,3
182.0,6.09375,1499.0,3
182.1,6.0243055555555545,1483.0,3
182.2,5.972222222222222,1463.0,3
182.3,5.9201388888888875,1452.0,3
182.4,5.885416666666668,1438.0,3
182.5,5.78125,1409.0,3
182.6,5.746527777777778,1392.0,3
182.7,5.625,1354.0,3
182.8,5.520833333333332,1301.0,3
182.9,5.434027777777778,1265.0,3
183.0,5.329861111111111,1240.0,3
183.1,5.208333333333333,1206.0,3
183.2,5.1388888888888875,1171.0,3
183.3,5.017361111111111,1145.0,3
183.4,4.9131944444444455,1161.0,3
183.5,4.8263888888888875,1192.0,3
183.6,4.739583333333333,1182.0,3
183.7,4.704861111111111,1143.0,3
183.8,4.6180555555555545,1129.0,3
183.9,4.583333333333333,1119.0,3
184.0,4.548611111111111,1141.0,3
184.1,4.5138888888888875,1144.0,3
184.2,4.4618055555555545,1136.0,3
184.3,4.409722222222221,1137.0,3
184.4,4.357638888888888,1143.0,3
184.5,4.340277777777779,1149.0,3
184.6,4.288194444444445,1146.0,3
184.7,4.253472222222221,1138.0,3
184.8,4.236111111111111,1140.0,3
184.9,4.253472222222221,1138.0,3
185.0,4.201388888888888,1157.0,2
185.1,4.149305555555555,1157.0,2
185.2,4.184027777777779,1150.0,2
185.3,4.114583333333333,1158.0,2
185.4,4.097222222222221,1160.0,2
185.5,4.0625,1151.0,2
185.6,4.045138888888888,1164.0,2
185.7,4.045138888888888,1184.0,2
185.8,4.027777777777779,1189.0,2
185.9,4.010416666666667,1207.0,2
186.0,4.027777777777779,1229.0,2
186.1,4.045138888888888,1251.0,2
186.2,4.045138888888888,1262.0,2
186.3,4.045138888888888,1284.0,2
186.4,4.0625,1308.0,2
186.5,4.079861111111111,1326.0,2
186.6,4.114583333333333,1355.0,2
186.7,4.131944444444445,1385.0,2
186.8,4.184027777777779,1414.0,2
186.9,4.166666666666667,1450.0,2
187.0,4.201388888888888,1486.0,2
187.1,4.236111111111111,1517.0,2
187.2,4.305555555555555,1545.0,2
187.3,4.357638888888888,1567.0,2
187.4,4.392361111111111,1592.0,2
187.5,4.496527777777779,1612.0,2
187.6,4.565972222222221,1628.0,2
187.7,4.6006944444444455,1651.0,2
187.8,4.704861111111111,1665.0,2
187.9,4.7569444444444455,1672.0,2
188.0,4.791666666666667,1659.0,2
188.1,4.8263888888888875,1649.0,2
188.2,4.895833333333333,1643.0,2
188.3,4.965277777777779,1632.0,2
188.4,5.034722222222221,1623.0,2
188.5,5.15625,1612.0,2
188.6,5.2256944444444455,1602.0,2
188.7,5.2951388888888875,1585.0,2
188.8,5.347222222222221,1574.0,2
188.9,5.434027777777778,1567.0,2
189.0,5.520833333333332,1550.0,3
189.1,5.590277777777778,1544.0,3
189.2,5.642361111111112,1540.0,3
189.3,5.7118055555555545,1538.0,3
189.4,5.7638888888888875,1539.0,3
189.5,5.815972222222222,1538.0,3
189.6,5.9201388888888875,1527.0,3
189.7,5.9375,1517.0,3
189.8,6.059027777777778,1513.0,3
189.9,6.128472222222222,1519.0,3
190.0,6.197916666666666,1534.0,3
190.1,6.267361111111112,1552.0,3
190.2,6.354166666666666,1568.0,3
190.3,6.423611111111112,1578.0,3
190.4,6.527777777777778,1603.0,3
190.5,6.614583333333332,1620.0,3
190.6,6.666666666666666,1639.0,3
190.7,6.770833333333332,1665.0,3
190.8,6.8576388888888875,1685.0,3
190.9,6.909722222222222,1704.0,3
191.0,7.0138888888888875,1726.0,3
191.1,7.1006944444444455,1751.0,3
191.2,7.1875,1766.0,3
191.3,7.2569444444444455,1790.0,3
191.4,7.34375,1813.0,3
191.5,7.4305555555555545,1829.0,3
191.6,7.517361111111112,1856.0,3
191.7,7.5868055555555545,1875.0,3
191.8,7.65625,1890.0,3
191.9,7.7951388888888875,1913.0,3
192.0,7.829861111111112,1928.0,3
192.1,7.916666666666666,1949.0,3
192.2,7.986111111111112,1973.0,3
192.3,8.10763888888889,1987.0,3
192.4,8.14236111111111,2009.0,3
192.5,8.211805555555555,2019.0,3
192.6,8.26388888888889,2042.0,3
192.7,8.333333333333334,2061.0,3
192.8,8.42013888888889,2076.0,3
192.9,8.472222222222221,2094.0,3
193.0,8.559027777777779,2108.0,3
193.1,8.628472222222221,2130.0,3
193.2,8.715277777777779,2147.0,3
193.3,8.75,2161.0,3
193.4,8.819444444444445,2180.0,3
193.5,8.90625,2195.0,3
193.6,8.975694444444445,2216.0,3
193.7,9.045138888888891,2227.0,3
193.8,9.097222222222221,2245.0,3
193.9,9.166666666666666,2260.0,3
194.0,9.236111111111109,2273.0,3
194.1,9.236111111111109,2287.0,3
194.2,9.322916666666666,2300.0,3
194.3,9.375,2316.0,3
194.4,9.461805555555557,2330.0,3
194.5,9.479166666666666,2344.0,3
194.6,9.53125,2356.0,3
194.7,9.583333333333334,2374.0,3
194.8,9.652777777777775,2382.0,3
194.9,9.704861111111109,2401.0,3
195.0,9.774305555555557,2410.0,3
195.1,9.774305555555557,2423.0,3
195.2,9.756944444444443,2433.0,3
195.3,9.895833333333334,2450.0,3
195.4,9.930555555555557,2462.0,3
195.5,9.913194444444443,2460.0,3
195.6,9.913194444444443,2448.0,3
195.7,9.913194444444443,2413.0,3
195.8,9.861111111111109,2292.0,3
195.9,9.982638888888891,2217.0,3
196.0,10.017361111111109,2098.0,3
196.1,9.861111111111109,1993.0,3
196.2,9.895833333333334,1882.0,4
196.3,9.84375,1798.0,4
196.4,9.809027777777775,1764.0,4
196.5,9.878472222222221,1770.0,4
196.6,9.861111111111109,1767.0,4
196.7,9.84375,1772.0,4
196.8,9.826388888888891,1765.0,4
196.9,9.913194444444443,1759.0,4
197.0,9.791666666666666,1754.0,4
197.1,9.809027777777775,1754.0,4
197.2,9.774305555555557,1752.0,4
197.3,9.722222222222221,1740.0,4
197.4,9.774305555555557,1739.0,4
197.5,9.774305555555557,1737.0,4
197.6,9.704861111111109,1733.0,4
197.7,9.722222222222221,1727.0,4
197.8,9.704861111111109,1731.0,4
197.9,9.722222222222221,1728.0,4
198.0,9.6875,1727.0,4
198.1,9.670138888888891,1722.0,4
198.2,9.600694444444443,1719.0,4
198.3,9.618055555555557,1711.0,4
198.4,9.548611111111109,1713.0,4
198.5,9.583333333333334,1702.0,4
198.6,9.565972222222221,1708.0,4
198.7,9.513888888888891,1699.0,4
198.8,9.548611111111109,1703.0,4
198.9,9.548611111111109,1702.0,4
199.0,9.548611111111109,1706.0,4
199.1,9.548611111111109,1703.0,4
199.2,9.513888888888891,1700.0,4
199.3,9.479166666666666,1698.0,4
199.4,9.444444444444443,1689.0,4
199.5,9.461805555555557,1687.0,4
199.6,9.496527777777775,1691.0,4
199.7,9.548611111111109,1696.0,4
199.8,9.496527777777775,1695.0,4
199.9,9.496527777777775,1695.0,4
200.0,9.496527777777775,1694.0,4
200.1,9.513888888888891,1695.0,4
200.2,9.496527777777775,1694.0,4
200.3,9.513888888888891,1701.0,4
200.4,9.53125,1697.0,4
200.5,9.53125,1706.0,4
200.6,9.548611111111109,1703.0,4
200.7,9.583333333333334,1706.0,4
200.8,9.565972222222221,1707.0,4
200.9,9.513888888888891,1705.0,4
201.0,9.565972222222221,1704.0,4
201.1,9.583333333333334,1711.0,4
201.2,9.600694444444443,1711.0,4
201.3,9.583333333333334,1711.0,4
201.4,9.635416666666666,1712.0,4
201.5,9.635416666666666,1715.0,4
201.6,9.600694444444443,1710.0,4
201.7,9.618055555555557,1717.0,4
201.8,9.618055555555557,1716.0,4
201.9,9.652777777777775,1712.0,4
202.0,9.635416666666666,1723.0,4
202.1,9.635416666666666,1714.0,4
202.2,9.583333333333334,1713.0,4
202.3,9.600694444444443,1705.0,4
202.4,9.565972222222221,1708.0,4
202.5,9.565972222222221,1702.0,4
202.6,9.53125,1706.0,4
202.7,9.444444444444443,1693.0,4
202.8,9.461805555555557,1692.0,4
202.9,9.444444444444443,1683.0,4
203.0,9.409722222222221,1677.0,4
203.1,9.375,1671.0,4
203.2,9.322916666666666,1662.0,4
203.3,9.270833333333334,1657.0,4
203.4,9.270833333333334,1646.0,4
203.5,9.184027777777775,1639.0,4
203.6,9.166666666666666,1633.0,4
203.7,9.0625,1619.0,4
203.8,9.027777777777775,1606.0,4
203.9,8.923611111111109,1593.0,4
204.0,8.854166666666666,1583.0,4
204.1,8.802083333333334,1568.0,4
204.2,8.715277777777779,1544.0,4
204.3,8.628472222222221,1526.0,4
204.4,8.61111111111111,1521.0,4
204.5,8.45486111111111,1506.0,4
204.6,8.402777777777779,1493.0,4
204.7,8.26388888888889,1472.0,4
204.8,8.177083333333334,1449.0,4
204.9,8.038194444444445,1423.0,4
205.0,7.986111111111112,1401.0,4
205.1,7.864583333333332,1355.0,4
205.2,7.7430555555555545,1311.0,4
205.3,7.673611111111112,1267.0,4
205.4,7.517361111111112,1227.0,4
205.5,7.395833333333332,1206.0,4
205.6,7.2743055555555545,1202.0,4
205.7,7.1701388888888875,1239.0,4
205.8,7.065972222222222,1225.0,4
205.9,6.927083333333332,1096.0,4
206.0,6.840277777777778,995.0,4
206.1,6.753472222222222,997.0,4
206.2,6.6493055555555545,980.0,4
206.3,6.527777777777778,976.0,0
206.4,6.440972222222222,958.0,0
206.5,6.371527777777778,945.0,0
206.6,6.2326388888888875,933.0,0
206.7,6.1631944444444455,930.0,0
206.8,6.059027777777778,927.0,0
206.9,5.989583333333332,916.0,0
207.0,5.8680555555555545,911.0,0
207.1,5.78125,905.0,0
207.2,5.6944444444444455,904.0,0
207.3,5.572916666666668,894.0,0
207.4,5.520833333333332,887.0,0
207.5,5.416666666666668,886.0,0
207.6,5.3125,881.0,0
207.7,5.208333333333333,871.0,0
207.8,5.1388888888888875,861.0,0
207.9,5.0,865.0,0
208.0,4.84375,861.0,0
208.1,4.722222222222221,857.0,0
208.2,4.6006944444444455,851.0,0
208.3,4.479166666666667,860.0,0
208.4,4.322916666666667,850.0,0
208.5,4.166666666666667,849.0,0
208.6,3.9756944444444438,849.0,0
208.7,3.923611111111111,848.0,0
208.8,3.732638888888889,845.0,0
208.9,3.611111111111111,841.0,0
209.0,3.489583333333333,842.0,0
209.1,3.3854166666666665,838.0,0
209.2,3.28125,837.0,0
209.3,3.1597222222222223,842.0,0
209.4,3.0902777777777777,829.0,0
209.5,2.986111111111111,832.0,0
209.6,2.9166666666666665,826.0,0
209.7,2.8472222222222223,814.0,0
209.8,2.795138888888889,806.0,0
209.9,2.7256944444444438,803.0,0
210.0,2.65625,806.0,0
210.1,2.65625,814.0,0
210.2,2.586805555555556,821.0,0
210.3,2.5,830.0,0
210.4,2.430555555555556,848.0,0
210.5,2.3784722222222223,867.0,0
210.6,2.34375,882.0,0
210.7,2.3090277777777777,881.0,0
210.8,2.2222222222222223,875.0,0
210.9,2.1701388888888893,868.0,0
211.0,2.1354166666666665,862.0,0
211.1,2.100694444444444,855.0,0
211.2,2.0659722222222223,841.0,0
211.3,2.0138888888888893,833.0,0
211.4,1.9965277777777777,825.0,0
211.5,1.961805555555556,822.0,0
211.6,1.9270833333333333,819.0,0
211.7,1.9270833333333333,813.0,0
211.8,1.8923611111111112,807.0,0
211.9,1.8229166666666663,807.0,0
212.0,1.7881944444444444,801.0,0
212.1,1.7708333333333333,805.0,0
212.2,1.7013888888888888,808.0,0
212.3,1.6493055555555556,815.0,0
212.4,1.6145833333333333,821.0,0
212.5,1.5451388888888888,824.0,0
212.6,1.5451388888888888,828.0,0
212.7,1.4236111111111112,831.0,0
212.8,1.3888888888888888,837.0,0
212.9,1.3194444444444444,841.0,0
213.0,1.2847222222222219,847.0,0
213.1,1.25,849.0,0
213.2,1.1979166666666667,854.0,0
213.3,1.1458333333333333,857.0,0
213.4,1.09375,864.0,0
213.5,1.0243055555555556,861.0,0
213.6,0.9201388888888888,863.0,0
213.7,0.8159722222222222,862.0,0
213.8,0.7291666666666666,863.0,0
213.9,0.6076388888888888,865.0,0
214.0,0.5381944444444444,865.0,0
214.1,0.4340277777777778,861.0,0
214.2,0.3125,852.0,0
214.3,0.22569444444444445,846.0,0
214.4,0.15625,848.0,0
214.5,0.0,850.0,0
214.6,0.0,851.0,0
214.7,0.0,849.0,0
214.8,0.0,854.0,0
214.9,0.0,850.0,0
215.0,0.0,848.0,0
215.1,0.0,853.0,0
215.2,0.0,853.0,0
215.3,0.0,852.0,0
215.4,0.0,850.0,0
215.5,0.0,850.0,0
215.6,0.0,851.0,0
215.7,0.0,853.0,0
215.8,0.0,860.0,0
215.9,0.0,856.0,0
216.0,0.0,859.0,0
216.1,0.0,862.0,0
216.2,0.0,870.0,0
216.3,0.0,880.0,0
216.4,0.0,881.0,0
216.5,0.0,869.0,0
216.6,0.0,748.0,0
216.7,0.0,486.0,0
216.8,0.0,319.0,0
216.9,0.0,319.0,0
217.0,0.0,126.0,0
217.1,0.0,126.0,0
217.2,0.0,126.0,0
217.3,0.0,0.0,0
217.4,0.0,0.0,0
217.5,0.0,0.0,0
217.6,0.0,0.0,0
217.7,0.0,0.0,0
217.8,0.0,0.0,0
217.9,0.0,0.0,0
218.0,0.0,0.0,0
218.1,0.0,0.0,0
218.2,0.0,0.0,0
218.3,0.0,0.0,0
218.4,0.0,0.0,0
218.5,0.0,0.0,0
218.6,0.0,0.0,0
218.7,0.0,0.0,0
218.8,0.0,0.0,0
218.9,0.0,0.0,0
219.0,0.0,0.0,0
219.1,0.0,0.0,0
219.2,0.0,0.0,0
219.3,0.0,0.0,0
219.4,0.0,0.0,0
219.5,0.0,0.0,0
219.6,0.0,0.0,0
219.7,0.0,0.0,0
219.8,0.0,0.0,0
219.9,0.0,0.0,0
220.0,0.0,0.0,0
220.1,0.0,0.0,0
220.2,0.0,0.0,0
220.3,0.0,0.0,0
220.4,0.0,0.0,0
220.5,0.0,0.0,0
220.6,0.0,0.0,0
220.7,0.0,0.0,0
220.8,0.0,0.0,0
220.9,0.0,0.0,0
221.0,0.0,0.0,0
221.1,0.0,0.0,0
221.2,0.0,0.0,0
221.3,0.0,0.0,0
221.4,0.0,0.0,0
221.5,0.0,0.0,0
221.6,0.0,0.0,0
221.7,0.0,0.0,0
221.8,0.0,0.0,0
221.9,0.0,0.0,0
222.0,0.0,0.0,0
222.1,0.0,0.0,0
222.2,0.0,0.0,0
222.3,0.0,0.0,0
222.4,0.0,0.0,0
222.5,0.0,0.0,0
222.6,0.0,0.0,0
222.7,0.0,0.0,0
222.8,0.0,0.0,0
222.9,0.0,0.0,0
223.0,0.0,0.0,0
223.1,0.0,0.0,0
223.2,0.0,0.0,0
223.3,0.0,0.0,0
223.4,0.0,0.0,0
223.5,0.0,0.0,0
223.6,0.0,0.0,0
223.7,0.0,0.0,0
223.8,0.0,0.0,0
223.9,0.0,0.0,0
224.0,0.0,0.0,0
224.1,0.0,0.0,0
224.2,0.0,0.0,0
224.3,0.0,0.0,0
224.4,0.0,0.0,0
224.5,0.0,0.0,0
224.6,0.0,0.0,0
224.7,0.0,0.0,0
224.8,0.0,0.0,0
224.9,0.0,0.0,0
225.0,0.0,0.0,0
225.1,0.0,0.0,0
225.2,0.0,0.0,0
225.3,0.0,0.0,0
225.4,0.0,0.0,0
225.5,0.0,0.0,0
225.6,0.0,0.0,0
225.7,0.0,0.0,0
225.8,0.0,0.0,0
225.9,0.0,0.0,0
226.0,0.0,0.0,0
226.1,0.0,0.0,0
226.2,0.0,0.0,0
226.3,0.0,0.0,0
226.4,0.0,0.0,0
226.5,0.0,0.0,0
226.6,0.0,0.0,0
226.7,0.0,0.0,0
226.8,0.0,0.0,0
226.9,0.0,0.0,0
227.0,0.0,0.0,0
227.1,0.0,0.0,0
227.2,0.0,0.0,0
227.3,0.0,0.0,0
227.4,0.0,0.0,0
227.5,0.0,0.0,0
227.6,0.0,0.0,0
227.7,0.0,0.0,0
227.8,0.0,0.0,0
227.9,0.0,0.0,0
228.0,0.0,0.0,0
228.1,0.0,0.0,0
228.2,0.0,0.0,0
228.3,0.0,0.0,0
228.4,0.0,0.0,0
228.5,0.0,0.0,0
228.6,0.0,0.0,0
228.7,0.0,0.0,0
228.8,0.0,0.0,0
228.9,0.0,0.0,0
229.0,0.0,0.0,0
229.1,0.0,0.0,0
229.2,0.0,0.0,0
229.3,0.0,0.0,0
229.4,0.0,0.0,0
229.5,0.0,0.0,0
229.6,0.0,0.0,0
229.7,0.0,0.0,0
229.8,0.0,0.0,0
229.9,0.0,0.0,0
230.0,0.0,0.0,0
230.1,0.0,0.0,0
230.2,0.0,0.0,0
230.3,0.0,0.0,0
230.4,0.0,0.0,0
230.5,0.0,0.0,0
230.6,0.0,0.0,0
230.7,0.0,0.0,0
230.8,0.0,0.0,0
230.9,0.0,0.0,0
231.0,0.0,0.0,0
231.1,0.0,0.0,0
231.2,0.0,0.0,0
231.3,0.0,0.0,0
231.4,0.0,0.0,0
231.5,0.0,0.0,0
231.6,0.0,0.0,0
231.7,0.0,0.0,0
231.8,0.0,0.0,0
231.9,0.0,0.0,0
232.0,0.0,0.0,0
232.1,0.0,0.0,0
232.2,0.0,0.0,0
232.3,0.0,0.0,0
232.4,0.0,0.0,0
232.5,0.0,0.0,0
232.6,0.0,0.0,0
232.7,0.0,0.0,0
232.8,0.0,0.0,0
232.9,0.0,0.0,0
233.0,0.0,0.0,0
233.1,0.0,0.0,0
233.2,0.0,0.0,0
233.3,0.0,0.0,0
233.4,0.0,0.0,0
233.5,0.0,0.0,0
233.6,0.0,0.0,0
233.7,0.0,0.0,0
233.8,0.0,0.0,0
233.9,0.0,0.0,0
234.0,0.0,0.0,0
234.1,0.0,0.0,0
234.2,0.0,0.0,0
234.3,0.0,0.0,0
234.4,0.0,0.0,0
234.5,0.0,0.0,0
234.6,0.0,0.0,0
234.7,0.0,0.0,0
234.8,0.0,0.0,0
234.9,0.0,0.0,0
235.0,0.0,0.0,0
235.1,0.0,0.0,0
235.2,0.0,0.0,0
235.3,0.0,0.0,0
235.4,0.0,0.0,0
235.5,0.0,0.0,0
235.6,0.0,0.0,0
235.7,0.0,0.0,0
235.8,0.0,0.0,0
235.9,0.0,0.0,0
236.0,0.0,0.0,0
236.1,0.0,0.0,0
236.2,0.0,0.0,0
236.3,0.0,0.0,0
236.4,0.0,0.0,0
236.5,0.0,0.0,0
236.6,0.0,0.0,0
236.7,0.0,0.0,0
236.8,0.0,0.0,0
236.9,0.0,0.0,0
237.0,0.0,0.0,0
237.1,0.0,0.0,0
237.2,0.0,0.0,0
237.3,0.0,0.0,0
237.4,0.0,0.0,0
237.5,0.0,0.0,0
237.6,0.0,0.0,0
237.7,0.0,0.0,0
237.8,0.0,0.0,0
237.9,0.0,0.0,0
238.0,0.0,0.0,0
238.1,0.0,0.0,0
238.2,0.0,0.0,0
238.3,0.0,0.0,0
238.4,0.0,0.0,0
238.5,0.0,0.0,0
238.6,0.0,0.0,0
238.7,0.0,0.0,0
238.8,0.0,0.0,0
238.9,0.0,0.0,0
239.0,0.0,0.0,0
239.1,0.0,0.0,0
239.2,0.0,0.0,0
239.3,0.0,0.0,0
239.4,0.0,0.0,0
239.5,0.0,0.0,0
239.6,0.0,0.0,0
239.7,0.0,0.0,0
239.8,0.0,0.0,0
239.9,0.0,0.0,0
240.0,0.0,0.0,0
240.1,0.0,0.0,0
240.2,0.0,0.0,0
240.3,0.0,0.0,0
240.4,0.0,0.0,0
240.5,0.0,0.0,0
240.6,0.0,0.0,0
240.7,0.0,0.0,0
240.8,0.0,0.0,0
240.9,0.0,0.0,0
241.0,0.0,0.0,0
241.1,0.0,0.0,0
241.2,0.0,0.0,0
241.3,0.0,0.0,0
241.4,0.0,0.0,0
241.5,0.0,0.0,0
241.6,0.0,0.0,0
241.7,0.0,0.0,0
241.8,0.0,0.0,0
241.9,0.0,0.0,0
242.0,0.0,0.0,0
242.1,0.0,0.0,0
242.2,0.0,0.0,0
242.3,0.0,0.0,0
242.4,0.0,0.0,0
242.5,0.0,0.0,0
242.6,0.0,0.0,0
242.7,0.0,0.0,0
242.8,0.0,0.0,0
242.9,0.0,0.0,0
243.0,0.0,0.0,0
243.1,0.0,0.0,0
243.2,0.0,0.0,0
243.3,0.0,0.0,0
243.4,0.0,0.0,0
243.5,0.0,0.0,0
243.6,0.0,0.0,0
243.7,0.0,0.0,0
243.8,0.0,0.0,0
243.9,0.0,0.0,0
244.0,0.0,0.0,0
244.1,0.0,0.0,0
244.2,0.0,0.0,0
244.3,0.0,0.0,0
244.4,0.0,0.0,0
244.5,0.0,0.0,0
244.6,0.0,0.0,0
244.7,0.0,0.0,0
244.8,0.0,0.0,0
244.9,0.0,0.0,0
245.0,0.0,0.0,0
245.1,0.0,0.0,0
245.2,0.0,0.0,0
245.3,0.0,0.0,0
245.4,0.0,0.0,0
245.5,0.0,0.0,0
245.6,0.0,0.0,0
245.7,0.0,0.0,0
245.8,0.0,0.0,0
245.9,0.0,0.0,0
246.0,0.0,0.0,0
246.1,0.0,0.0,0
246.2,0.0,0.0,0
246.3,0.0,0.0,0
246.4,0.0,0.0,0
246.5,0.0,0.0,0
246.6,0.0,0.0,0
246.7,0.0,0.0,0
246.8,0.0,0.0,0
246.9,0.0,0.0,0
247.0,0.0,0.0,0
247.1,0.0,0.0,0
247.2,0.0,0.0,0
247.3,0.0,0.0,0
247.4,0.0,0.0,0
247.5,0.0,0.0,0
247.6,0.0,0.0,0
247.7,0.0,0.0,0
247.8,0.0,0.0,0
247.9,0.0,0.0,0
248.0,0.0,0.0,0
248.1,0.0,0.0,0
248.2,0.0,0.0,0
248.3,0.0,0.0,0
248.4,0.0,0.0,0
248.5,0.0,0.0,0
248.6,0.0,0.0,0
248.7,0.0,0.0,0
248.8,0.0,0.0,0
248.9,0.0,0.0,0
249.0,0.0,0.0,0
249.1,0.0,0.0,0
249.2,0.0,0.0,0
249.3,0.0,0.0,0
249.4,0.0,0.0,0
249.5,0.0,0.0,0
249.6,0.0,0.0,0
249.7,0.0,0.0,0
249.8,0.0,0.0,0
249.9,0.0,0.0,0
250.0,0.0,0.0,0
250.1,0.0,0.0,0
250.2,0.0,0.0,0
250.3,0.0,0.0,0
250.4,0.0,0.0,0
250.5,0.0,0.0,0
250.6,0.0,0.0,0
250.7,0.0,0.0,0
250.8,0.0,0.0,0
250.9,0.0,0.0,0
251.0,0.0,0.0,0
251.1,0.0,0.0,0
251.2,0.0,0.0,0
251.3,0.0,0.0,0
251.4,0.0,0.0,0
251.5,0.0,0.0,0
251.6,0.0,0.0,0
251.7,0.0,0.0,0
251.8,0.0,0.0,0
251.9,0.0,0.0,0
252.0,0.0,0.0,0
252.1,0.0,0.0,0
252.2,0.0,0.0,0
252.3,0.0,0.0,0
252.4,0.0,0.0,0
252.5,0.0,0.0,0
252.6,0.0,0.0,0
252.7,0.0,0.0,0
252.8,0.0,0.0,0
252.9,0.0,0.0,0
253.0,0.0,0.0,0
253.1,0.0,0.0,0
253.2,0.0,0.0,0
253.3,0.0,0.0,0
253.4,0.0,0.0,0
253.5,0.0,0.0,0
253.6,0.0,0.0,0
253.7,0.0,0.0,0
253.8,0.0,0.0,0
253.9,0.0,0.0,0
254.0,0.0,0.0,0
254.1,0.0,0.0,0
254.2,0.0,0.0,0
254.3,0.0,0.0,0
254.4,0.0,0.0,0
254.5,0.0,0.0,0
254.6,0.0,0.0,0
254.7,0.0,0.0,0
254.8,0.0,0.0,0
254.9,0.0,0.0,0
255.0,0.0,0.0,0
255.1,0.0,0.0,0
255.2,0.0,0.0,0
255.3,0.0,0.0,0
255.4,0.0,0.0,0
255.5,0.0,0.0,0
255.6,0.0,0.0,0
255.7,0.0,0.0,0
255.8,0.0,0.0,0
255.9,0.0,0.0,0
256.0,0.0,0.0,0
256.1,0.0,0.0,0
256.2,0.0,0.0,0
256.3,0.0,0.0,0
256.4,0.0,0.0,0
256.5,0.0,0.0,0
256.6,0.0,0.0,0
256.7,0.0,0.0,0
256.8,0.0,0.0,0
256.9,0.0,0.0,0
257.0,0.0,0.0,0
257.1,0.0,0.0,0
257.2,0.0,0.0,0
257.3,0.0,0.0,0
257.4,0.0,0.0,0
257.5,0.0,0.0,0
257.6,0.0,0.0,0
257.7,0.0,0.0,0
257.8,0.0,0.0,0
257.9,0.0,0.0,0
258.0,0.0,0.0,0
258.1,0.0,0.0,0
258.2,0.0,0.0,0
258.3,0.0,0.0,0
258.4,0.0,0.0,0
258.5,0.0,0.0,0
258.6,0.0,0.0,0
258.7,0.0,0.0,0
258.8,0.0,0.0,0
258.9,0.0,0.0,0
259.0,0.0,0.0,0
259.1,0.0,0.0,0
259.2,0.0,0.0,0
259.3,0.0,0.0,0
259.4,0.0,0.0,0
259.5,0.0,0.0,0
259.6,0.0,0.0,0
259.7,0.0,0.0,0
259.8,0.0,0.0,0
259.9,0.0,0.0,0
260.0,0.0,0.0,0
260.1,0.0,0.0,0
260.2,0.0,0.0,0
260.3,0.0,0.0,0
260.4,0.0,0.0,0
260.5,0.0,0.0,0
260.6,0.0,0.0,0
260.7,0.0,0.0,0
260.8,0.0,0.0,0
260.9,0.0,0.0,0
261.0,0.0,0.0,0
261.1,0.0,0.0,0
261.2,0.0,0.0,0
261.3,0.0,0.0,0
261.4,0.0,0.0,0
261.5,0.0,0.0,0
261.6,0.0,0.0,0
261.7,0.0,0.0,0
261.8,0.0,0.0,0
261.9,0.0,0.0,0
262.0,0.0,0.0,0
262.1,0.0,0.0,0
262.2,0.0,0.0,0
262.3,0.0,0.0,0
262.4,0.0,0.0,0
262.5,0.0,0.0,0
262.6,0.0,0.0,0
262.7,0.0,0.0,0
262.8,0.0,0.0,0
262.9,0.0,0.0,0
263.0,0.0,0.0,0
263.1,0.0,0.0,0
263.2,0.0,0.0,0
263.3,0.0,0.0,0
263.4,0.0,0.0,0
263.5,0.0,0.0,0
263.6,0.0,0.0,0
263.7,0.0,0.0,0
263.8,0.0,0.0,0
263.9,0.0,0.0,0
264.0,0.0,0.0,0
264.1,0.0,0.0,0
264.2,0.0,0.0,0
264.3,0.0,0.0,0
264.4,0.0,0.0,0
264.5,0.0,0.0,0
264.6,0.0,0.0,0
264.7,0.0,0.0,0
264.8,0.0,0.0,0
264.9,0.0,0.0,0
265.0,0.0,0.0,0
265.1,0.0,0.0,0
265.2,0.0,0.0,0
265.3,0.0,0.0,0
265.4,0.0,0.0,0
265.5,0.0,0.0,0
265.6,0.0,0.0,0
265.7,0.0,0.0,0
265.8,0.0,0.0,0
265.9,0.0,0.0,0
266.0,0.0,0.0,0
266.1,0.0,0.0,0
266.2,0.0,0.0,0
266.3,0.0,0.0,0
266.4,0.0,0.0,0
266.5,0.0,0.0,0
266.6,0.0,0.0,0
266.7,0.0,0.0,0
266.8,0.0,0.0,0
266.9,0.0,0.0,0
267.0,0.0,0.0,0
267.1,0.0,0.0,0
267.2,0.0,0.0,0
267.3,0.0,0.0,0
267.4,0.0,0.0,0
267.5,0.0,0.0,0
267.6,0.0,0.0,0
267.7,0.0,0.0,0
267.8,0.0,0.0,0
267.9,0.0,0.0,0
268.0,0.0,0.0,0
268.1,0.0,0.0,0
268.2,0.0,0.0,0
268.3,0.0,0.0,0
268.4,0.0,0.0,0
268.5,0.0,0.0,0
268.6,0.0,0.0,0
268.7,0.0,0.0,0
268.8,0.0,0.0,0
268.9,0.0,0.0,0
269.0,0.0,0.0,0
269.1,0.0,0.0,0
269.2,0.0,0.0,0
269.3,0.0,0.0,0
269.4,0.0,0.0,0
269.5,0.0,0.0,0
269.6,0.0,0.0,0
269.7,0.0,0.0,0
269.8,0.0,0.0,0
269.9,0.0,0.0,0
270.0,0.0,0.0,0
270.1,0.0,0.0,0
270.2,0.0,0.0,0
270.3,0.0,0.0,0
270.4,0.0,0.0,0
270.5,0.0,0.0,0
270.6,0.0,0.0,0
270.7,0.0,0.0,0
270.8,0.0,0.0,0
270.9,0.0,0.0,0
271.0,0.0,0.0,0
271.1,0.0,0.0,0
271.2,0.0,0.0,0
271.3,0.0,0.0,0
271.4,0.0,0.0,0
271.5,0.0,0.0,0
271.6,0.0,0.0,0
271.7,0.0,0.0,0
271.8,0.0,0.0,0
271.9,0.0,0.0,0
272.0,0.0,0.0,0
272.1,0.0,0.0,0
272.2,0.0,0.0,0
272.3,0.0,0.0,0
272.4,0.0,0.0,0
272.5,0.0,0.0,0
272.6,0.0,0.0,0
272.7,0.0,0.0,0
272.8,0.0,0.0,0
272.9,0.0,0.0,0
273.0,0.0,0.0,0
273.1,0.0,0.0,0
273.2,0.0,0.0,0
273.3,0.0,0.0,0
273.4,0.0,0.0,0
273.5,0.0,0.0,0
273.6,0.0,0.0,0
273.7,0.0,0.0,0
273.8,0.0,0.0,0
273.9,0.0,0.0,0
274.0,0.0,0.0,0
274.1,0.0,0.0,0
274.2,0.0,0.0,0
274.3,0.0,0.0,0
274.4,0.0,0.0,0
274.5,0.0,0.0,0
274.6,0.0,0.0,0
274.7,0.0,0.0,0
274.8,0.0,0.0,0
274.9,0.0,0.0,0
275.0,0.0,0.0,0
275.1,0.0,0.0,0
275.2,0.0,0.0,0
275.3,0.0,0.0,0
275.4,0.0,0.0,0
275.5,0.0,0.0,0
275.6,0.0,0.0,0
275.7,0.0,0.0,0
275.8,0.0,0.0,0
275.9,0.0,0.0,0
276.0,0.0,0.0,0
276.1,0.0,0.0,0
276.2,0.0,0.0,0
276.3,0.0,0.0,0
276.4,0.0,0.0,0
276.5,0.0,0.0,0
276.6,0.0,0.0,0
276.7,0.0,0.0,0
276.8,0.0,0.0,0
276.9,0.0,0.0,0
277.0,0.0,0.0,0
277.1,0.0,0.0,0
277.2,0.0,0.0,0
277.3,0.0,0.0,0
277.4,0.0,0.0,0
277.5,0.0,0.0,0
277.6,0.0,0.0,0
277.7,0.0,0.0,0
277.8,0.0,0.0,0
277.9,0.0,0.0,0
278.0,0.0,0.0,0
278.1,0.0,0.0,0
278.2,0.0,0.0,0
278.3,0.0,0.0,0
278.4,0.0,0.0,0
278.5,0.0,0.0,0
278.6,0.0,0.0,0
278.7,0.0,0.0,0
278.8,0.0,0.0,0
278.9,0.0,0.0,0
279.0,0.0,0.0,0
279.1,0.0,0.0,0
279.2,0.0,0.0,0
279.3,0.0,0.0,0
279.4,0.0,0.0,0
279.5,0.0,0.0,0
279.6,0.0,0.0,0
279.7,0.0,0.0,0
279.8,0.0,0.0,0
279.9,0.0,0.0,0
280.0,0.0,0.0,0
280.1,0.0,0.0,0
280.2,0.0,0.0,0
280.3,0.0,0.0,0
280.4,0.0,0.0,0
280.5,0.0,0.0,0
280.6,0.0,0.0,0
280.7,0.0,0.0,0
280.8,0.0,0.0,0
280.9,0.0,0.0,0
281.0,0.0,0.0,0
281.1,0.0,0.0,0
281.2,0.0,0.0,0
281.3,0.0,0.0,0
281.4,0.0,0.0,0
281.5,0.0,0.0,0
281.6,0.0,0.0,0
281.7,0.0,0.0,0
281.8,0.0,0.0,0
281.9,0.0,0.0,0
282.0,0.0,0.0,0
282.1,0.0,0.0,0
282.2,0.0,0.0,0
282.3,0.0,0.0,0
282.4,0.0,0.0,0
282.5,0.0,0.0,0
282.6,0.0,0.0,0
282.7,0.0,0.0,0
282.8,0.0,0.0,0
282.9,0.0,0.0,0
283.0,0.0,0.0,0
283.1,0.0,0.0,0
283.2,0.0,0.0,0
283.3,0.0,0.0,0
283.4,0.0,0.0,0
283.5,0.0,0.0,0
283.6,0.0,0.0,0
283.7,0.0,0.0,0
283.8,0.0,0.0,0
283.9,0.0,0.0,0
284.0,0.0,0.0,0
284.1,0.0,0.0,0
284.2,0.0,0.0,0
284.3,0.0,0.0,0
284.4,0.0,0.0,0
284.5,0.0,0.0,0
284.6,0.0,0.0,0
284.7,0.0,0.0,0
284.8,0.0,0.0,0
284.9,0.0,0.0,0
285.0,0.0,0.0,0
285.1,0.0,0.0,0
285.2,0.0,0.0,0
285.3,0.0,0.0,0
285.4,0.0,0.0,0
285.5,0.0,0.0,0
285.6,0.0,0.0,0
285.7,0.0,0.0,0
285.8,0.0,0.0,0
285.9,0.0,0.0,0
286.0,0.0,0.0,0
286.1,0.0,0.0,0
286.2,0.0,0.0,0
286.3,0.0,0.0,0
286.4,0.0,0.0,0
286.5,0.0,0.0,0
286.6,0.0,0.0,0
286.7,0.0,0.0,0
286.8,0.0,0.0,0
286.9,0.0,0.0,0
287.0,0.0,0.0,0
287.1,0.0,0.0,0
287.2,0.0,0.0,0
287.3,0.0,0.0,0
287.4,0.0,0.0,0
287.5,0.0,0.0,0
287.6,0.0,0.0,0
287.7,0.0,0.0,0
287.8,0.0,0.0,0
287.9,0.0,0.0,0
288.0,0.0,0.0,0
288.1,0.0,0.0,0
288.2,0.0,0.0,0
288.3,0.0,0.0,0
288.4,0.0,0.0,0
288.5,0.0,0.0,0
288.6,0.0,0.0,0
288.7,0.0,0.0,0
288.8,0.0,0.0,0
288.9,0.0,0.0,0
289.0,0.0,0.0,0
289.1,0.0,0.0,0
289.2,0.0,0.0,0
289.3,0.0,0.0,0
289.4,0.0,0.0,0
289.5,0.0,0.0,0
289.6,0.0,0.0,0
289.7,0.0,0.0,0
289.8,0.0,0.0,0
289.9,0.0,0.0,0
290.0,0.0,0.0,0
290.1,0.0,0.0,0
290.2,0.0,0.0,0
290.3,0.0,0.0,0
290.4,0.0,0.0,0
290.5,0.0,0.0,0
290.6,0.0,0.0,0
290.7,0.0,0.0,0
290.8,0.0,0.0,0
290.9,0.0,0.0,0
291.0,0.0,0.0,0
291.1,0.0,0.0,0
291.2,0.0,0.0,0
291.3,0.0,0.0,0
291.4,0.0,0.0,0
291.5,0.0,0.0,0
291.6,0.0,0.0,0
291.7,0.0,0.0,0
291.8,0.0,0.0,0
291.9,0.0,0.0,0
292.0,0.0,0.0,0
292.1,0.0,0.0,0
292.2,0.0,0.0,0
292.3,0.0,0.0,0
292.4,0.0,0.0,0
292.5,0.0,0.0,0
292.6,0.0,0.0,0
292.7,0.0,0.0,0
292.8,0.0,0.0,0
292.9,0.0,0.0,0
293.0,0.0,0.0,0
293.1,0.0,0.0,0
293.2,0.0,0.0,0
293.3,0.0,0.0,0
293.4,0.0,0.0,0
293.5,0.0,0.0,0
293.6,0.0,0.0,0
293.7,0.0,0.0,0
293.8,0.0,0.0,0
293.9,0.0,0.0,0
294.0,0.0,0.0,0
294.1,0.0,0.0,0
294.2,0.0,0.0,0
294.3,0.0,0.0,0
294.4,0.0,0.0,0
294.5,0.0,0.0,0
294.6,0.0,0.0,0
294.7,0.0,0.0,0
294.8,0.0,0.0,0
294.9,0.0,0.0,0
295.0,0.0,0.0,0
295.1,0.0,0.0,0
295.2,0.0,0.0,0
295.3,0.0,0.0,0
295.4,0.0,0.0,0
295.5,0.0,0.0,0
295.6,0.0,0.0,0
295.7,0.0,0.0,0
295.8,0.0,0.0,0
295.9,0.0,0.0,0
296.0,0.0,0.0,0
296.1,0.0,0.0,0
296.2,0.0,0.0,0
296.3,0.0,0.0,0
296.4,0.0,0.0,0
296.5,0.0,0.0,0
296.6,0.0,0.0,0
296.7,0.0,0.0,0
296.8,0.0,0.0,0
296.9,0.0,0.0,0
297.0,0.0,0.0,0
297.1,0.0,0.0,0
297.2,0.0,0.0,0
297.3,0.0,0.0,0
297.4,0.0,0.0,0
297.5,0.0,0.0,0
297.6,0.0,0.0,0
297.7,0.0,0.0,0
297.8,0.0,0.0,0
297.9,0.0,0.0,0
298.0,0.0,0.0,0
298.1,0.0,0.0,0
298.2,0.0,0.0,0
298.3,0.0,0.0,0
298.4,0.0,0.0,0
298.5,0.0,0.0,0
298.6,0.0,0.0,0
298.7,0.0,0.0,0
298.8,0.0,0.0,0
298.9,0.0,0.0,0
299.0,0.0,0.0,0
299.1,0.0,0.0,0
299.2,0.0,0.0,0
299.3,0.0,0.0,0
299.4,0.0,0.0,0
299.5,0.0,0.0,0
299.6,0.0,0.0,0
299.7,0.0,0.0,0
299.8,0.0,0.0,0
299.9,0.0,0.0,0
300.0,0.0,0.0,0
300.1,0.0,0.0,0
300.2,0.0,0.0,0
300.3,0.0,0.0,0
300.4,0.0,0.0,0
300.5,0.0,0.0,0
300.6,0.0,0.0,0
300.7,0.0,0.0,0
300.8,0.0,0.0,0
300.9,0.0,0.0,0
301.0,0.0,0.0,0
301.1,0.0,0.0,0
301.2,0.0,0.0,0
301.3,0.0,0.0,0
301.4,0.0,0.0,0
301.5,0.0,0.0,0
301.6,0.0,0.0,0
301.7,0.0,0.0,0
301.8,0.0,0.0,0
301.9,0.0,0.0,0
302.0,0.0,0.0,0
302.1,0.0,0.0,0
302.2,0.0,0.0,0
302.3,0.0,0.0,0
302.4,0.0,0.0,0
302.5,0.0,0.0,0
302.6,0.0,0.0,0
302.7,0.0,0.0,0
302.8,0.0,0.0,0
302.9,0.0,0.0,0
303.0,0.0,0.0,0
303.1,0.0,0.0,0
303.2,0.0,0.0,0
303.3,0.0,0.0,0
303.4,0.0,0.0,0
303.5,0.0,0.0,0
303.6,0.0,0.0,0
303.7,0.0,0.0,0
303.8,0.0,0.0,0
303.9,0.0,0.0,0
304.0,0.0,0.0,0
304.1,0.0,0.0,0
304.2,0.0,0.0,0
304.3,0.0,0.0,0
304.4,0.0,0.0,0
304.5,0.0,0.0,0
304.6,0.0,0.0,0
304.7,0.0,0.0,0
304.8,0.0,0.0,0
304.9,0.0,0.0,0
305.0,0.0,0.0,0
305.1,0.0,0.0,0
305.2,0.0,0.0,0
305.3,0.0,0.0,0
305.4,0.0,0.0,0
305.5,0.0,146.0,0
305.6,0.0,177.0,0
305.7,0.0,191.0,0
305.8,0.1388888888888889,243.0,0
305.9,0.1736111111111111,439.0,0
306.0,0.2777777777777778,698.0,0
306.1,0.3819444444444444,780.0,0
306.2,0.4861111111111111,968.0,0
306.3,0.5208333333333334,975.0,0
306.4,0.5555555555555556,961.0,0
306.5,0.5555555555555556,936.0,0
306.6,0.5208333333333334,918.0,0
306.7,0.4861111111111111,903.0,0
306.8,0.4513888888888889,894.0,0
306.9,0.4166666666666666,874.0,0
307.0,0.3645833333333333,866.0,0
307.1,0.3472222222222222,859.0,0
307.2,0.2951388888888889,850.0,0
307.3,0.24305555555555555,847.0,0
307.4,0.2083333333333333,856.0,0
307.5,0.1909722222222222,855.0,0
307.6,0.1736111111111111,851.0,0
307.7,0.1388888888888889,853.0,0
307.8,0.1388888888888889,855.0,0
307.9,0.1388888888888889,855.0,0
308.0,0.15625,852.0,0
308.1,0.22569444444444445,852.0,0
308.2,0.2604166666666667,843.0,0
308.3,0.2951388888888889,829.0,0
308.4,0.3125,820.0,0
308.5,0.3472222222222222,806.0,0
308.6,0.3819444444444444,795.0,0
308.7,0.3993055555555555,795.0,0
308.8,0.4166666666666666,787.0,0
308.9,0.4513888888888889,778.0,0
309.0,0.4513888888888889,775.0,0
309.1,0.46875,774.0,0
309.2,0.46875,776.0,1
309.3,0.46875,791.0,1
309.4,0.46875,808.0,1
309.5,0.46875,830.0,1
309.6,0.46875,846.0,1
309.7,0.4861111111111111,859.0,1
309.8,0.4861111111111111,874.0,1
309.9,0.46875,872.0,1
310.0,0.46875,867.0,1
310.1,0.4340277777777778,858.0,1
310.2,0.4166666666666666,844.0,1
310.3,0.3819444444444444,835.0,1
310.4,0.3472222222222222,825.0,1
310.5,0.3125,819.0,1
310.6,0.2777777777777778,822.0,1
310.7,0.2604166666666667,819.0,1
310.8,0.22569444444444445,821.0,1
310.9,0.1909722222222222,823.0,1
311.0,0.15625,828.0,1
311.1,0.12152777777777778,836.0,1
311.2,0.0,842.0,1
311.3,0.0,854.0,1
311.4,0.0,855.0,1
311.5,0.0,854.0,1
311.6,0.0,855.0,1
311.7,0.0,849.0,1
311.8,0.22569444444444445,848.0,1
311.9,0.3125,848.0,1
312.0,0.4166666666666666,849.0,1
312.1,0.4861111111111111,847.0,1
312.2,0.5381944444444444,848.0,1
312.3,0.5555555555555556,848.0,1
312.4,0.5555555555555556,847.0,1
312.5,0.5555555555555556,848.0,1
312.6,0.5381944444444444,851.0,1
312.7,0.5381944444444444,851.0,1
312.8,0.5208333333333334,854.0,1
312.9,0.5208333333333334,851.0,1
313.0,0.5208333333333334,854.0,1
313.1,0.5034722222222222,850.0,0
313.2,0.5034722222222222,849.0,0
313.3,0.4861111111111111,850.0,0
313.4,0.46875,850.0,0
313.5,0.4513888888888889,852.0,0
313.6,0.4340277777777778,851.0,0
313.7,0.4166666666666666,852.0,0
313.8,0.3993055555555555,853.0,0
313.9,0.3819444444444444,853.0,0
314.0,0.3645833333333333,853.0,0
314.1,0.3472222222222222,849.0,0
314.2,0.3298611111111111,849.0,0
314.3,0.3298611111111111,850.0,0
314.4,0.3645833333333333,851.0,0
314.5,0.3993055555555555,851.0,0
314.6,0.4513888888888889,847.0,0
314.7,0.4861111111111111,849.0,0
314.8,0.5381944444444444,850.0,0
314.9,0.5902777777777778,850.0,0
315.0,0.5902777777777778,850.0,0
315.1,0.5902777777777778,851.0,0
315.2,0.5729166666666666,850.0,0
315.3,0.5381944444444444,850.0,0
315.4,0.46875,851.0,0
315.5,0.4166666666666666,848.0,0
315.6,0.3472222222222222,854.0,0
315.7,0.2951388888888889,857.0,0
315.8,0.24305555555555555,855.0,0
315.9,0.15625,857.0,0
316.0,0.1388888888888889,854.0,0
316.1,0.0,852.0,0
316.2,0.0,847.0,0
316.3,0.0,847.0,0
316.4,0.0,849.0,0
316.5,0.0,849.0,0
316.6,0.0,851.0,0
316.7,0.0,855.0,0
316.8,0.0,854.0,0
316.9,0.0,857.0,0
317.0,0.0,851.0,0
317.1,0.0,846.0,0
317.2,0.0,846.0,0
317.3,0.12152777777777778,849.0,0
317.4,0.12152777777777778,848.0,0
317.5,0.12152777777777778,850.0,0
317.6,0.12152777777777778,848.0,0
317.7,0.12152777777777778,849.0,0
317.8,0.12152777777777778,852.0,0
317.9,0.0,850.0,0
318.0,0.0,852.0,0
318.1,0.12152777777777778,846.0,0
318.2,0.2083333333333333,845.0,0
318.3,0.2951388888888889,843.0,0
318.4,0.3819444444444444,845.0,0
318.5,0.4513888888888889,846.0,0
318.6,0.4861111111111111,847.0,0
318.7,0.5034722222222222,847.0,0
318.8,0.5034722222222222,849.0,0
318.9,0.46875,851.0,0
319.0,0.4513888888888889,856.0,0
319.1,0.4166666666666666,853.0,0
319.2,0.3819444444444444,852.0,0
319.3,0.3472222222222222,851.0,0
319.4,0.3125,850.0,0
319.5,0.2777777777777778,850.0,0
319.6,0.24305555555555555,851.0,0
319.7,0.2083333333333333,852.0,0
319.8,0.15625,853.0,0
319.9,0.1388888888888889,854.0,0
320.0,0.0,854.0,0
320.1,0.0,856.0,0
320.2,0.0,850.0,0
320.3,0.0,848.0,0
320.4,0.0,850.0,0
320.5,0.0,849.0,0
320.6,0.0,848.0,0
320.7,0.0,855.0,0
320.8,0.0,857.0,0
320.9,0.0,854.0,0
321.0,0.0,851.0,0
321.1,0.0,852.0,0
321.2,0.0,853.0,0
321.3,0.0,851.0,0
321.4,0.0,849.0,0
321.5,0.0,846.0,0
321.6,0.0,848.0,0
321.7,0.0,850.0,0
321.8,0.0,858.0,0
321.9,0.0,861.0,0
322.0,0.0,853.0,0
322.1,0.0,847.0,0
322.2,0.0,847.0,0
322.3,0.0,850.0,0
322.4,0.0,844.0,0
322.5,0.0,869.0,0
322.6,0.0,932.0,0
322.7,0.0,975.0,0
322.8,0.0,987.0,0
322.9,0.0,990.0,0
323.0,0.0,985.0,0
323.1,0.0,965.0,0
323.2,0.0,945.0,0
323.3,0.0,926.0,0
323.4,0.0,904.0,0
323.5,0.0,888.0,0
323.6,0.0,880.0,0
323.7,0.0,866.0,0
323.8,0.0,858.0,0
323.9,0.0,855.0,0
324.0,0.0,850.0,0
324.1,0.0,845.0,0
324.2,0.0,830.0,0
324.3,0.0,825.0,0
324.4,0.0,826.0,0
324.5,0.0,830.0,0
324.6,0.0,832.0,0
324.7,0.0,830.0,0
324.8,0.0,828.0,0
324.9,0.0,828.0,0
325.0,0.0,834.0,0
325.1,0.0,837.0,0
325.2,0.0,838.0,0
325.3,0.0,843.0,0
325.4,0.0,844.0,0
325.5,0.0,846.0,0
325.6,0.0,852.0,0
325.7,0.0,847.0,0
325.8,0.0,853.0,0
325.9,0.0,858.0,0
326.0,0.0,856.0,0
326.1,0.0,858.0,0
326.2,0.0,865.0,0
326.3,0.0,853.0,0
326.4,0.0,849.0,0
326.5,0.0,862.0,0
326.6,0.0,857.0,0
326.7,0.0,862.0,0
326.8,0.0,884.0,0
326.9,0.0,792.0,0
327.0,0.0,629.0,0
327.1,0.0,488.0,0
327.2,0.0,357.0,0
327.3,0.0,293.0,0
327.4,0.0,0.0,0
327.5,0.0,0.0,0
327.6,0.0,0.0,0
327.7,0.0,0.0,0
327.8,0.0,0.0,0
327.9,0.0,0.0,0
328.0,0.0,0.0,0
328.1,0.0,0.0,0
328.2,0.0,0.0,0
328.3,0.0,0.0,0
328.4,0.0,0.0,0
328.5,0.0,0.0,0
328.6,0.0,0.0,0
328.7,0.0,0.0,0
328.8,0.0,0.0,0
328.9,0.0,0.0,0
329.0,0.0,0.0,0
329.1,0.0,0.0,0
329.2,0.0,0.0,0
329.3,0.0,0.0,0
329.4,0.0,0.0,0
329.5,0.0,0.0,0
329.6,0.0,0.0,0
329.7,0.0,0.0,0
329.8,0.0,0.0,0
329.9,0.0,0.0,0
330.0,0.0,0.0,0
330.1,0.0,0.0,0
330.2,0.0,0.0,0
330.3,0.0,0.0,0
330.4,0.0,0.0,0
330.5,0.0,0.0,0
330.6,0.0,0.0,0
330.7,0.0,0.0,0
330.8,0.0,0.0,0
330.9,0.0,0.0,0
331.0,0.0,0.0,0
331.1,0.0,0.0,0
331.2,0.0,0.0,0
331.3,0.0,0.0,0
331.4,0.0,0.0,0
331.5,0.0,0.0,0
331.6,0.0,0.0,0
331.7,0.0,0.0,0
331.8,0.0,0.0,0
331.9,0.0,0.0,0
332.0,0.0,0.0,0
332.1,0.0,0.0,0
332.2,0.0,0.0,0
332.3,0.0,0.0,0
332.4,0.0,0.0,0
332.5,0.0,0.0,0
332.6,0.0,0.0,0
332.7,0.0,0.0,0
332.8,0.0,0.0,0
332.9,0.0,0.0,0
333.0,0.0,0.0,0
333.1,0.0,0.0,0
333.2,0.0,0.0,0
333.3,0.0,0.0,0
333.4,0.0,0.0,0
333.5,0.0,0.0,0
333.6,0.0,0.0,0
333.7,0.0,0.0,0
333.8,0.0,0.0,0
333.9,0.0,0.0,0
334.0,0.0,0.0,0
334.1,0.0,0.0,0
334.2,0.0,0.0,0
334.3,0.0,0.0,0
334.4,0.0,0.0,0
334.5,0.0,0.0,0
334.6,0.0,0.0,0
334.7,0.0,0.0,0
334.8,0.0,0.0,0
334.9,0.0,0.0,0
335.0,0.0,0.0,0
335.1,0.0,0.0,0
335.2,0.0,0.0,0
335.3,0.0,0.0,0
335.4,0.0,0.0,0
335.5,0.0,0.0,0
335.6,0.0,0.0,0
335.7,0.0,0.0,0
335.8,0.0,0.0,0
335.9,0.0,0.0,0
336.0,0.0,0.0,0
336.1,0.0,0.0,0
336.2,0.0,0.0,0
336.3,0.0,0.0,0
336.4,0.0,0.0,0
336.5,0.0,0.0,0
336.6,0.0,0.0,0
336.7,0.0,0.0,0
336.8,0.0,0.0,0
336.9,0.0,0.0,0
337.0,0.0,0.0,0
337.1,0.0,0.0,0
337.2,0.0,0.0,0
337.3,0.0,0.0,0
337.4,0.0,0.0,0
337.5,0.0,0.0,0
337.6,0.0,0.0,0
337.7,0.0,0.0,0
337.8,0.0,0.0,0
337.9,0.0,0.0,0
338.0,0.0,0.0,0
338.1,0.0,0.0,0
338.2,0.0,0.0,0
